individual_ID,sex,age_days_post_moult,body_mass_g,autotomy_regime,personality_category,personality_PC1_pre,personality_PC1_post,autotomy_latency_s,autotomy_censored,autotomy_occurred,sham_pinch_duration_s,timepoint,trial,OFT_latency_first_move_s,OFT_total_distance_cm,OFT_time_exposed_zone_s,OFT_time_central_zone_s,OFT_freezing_bouts_n,PCRT_latency_resume_s,PCRT_total_freeze_duration_s,PCRT_shelter_seeking_latency_s
GB001,M,13,0.76,autotomy,Intermediate,0.242,-0.262,5.9,False,True,,pre,1,18.9,767,225,84,15,15.3,41.5,50.0
GB001,M,13,0.76,autotomy,Intermediate,0.242,-0.262,5.9,False,True,,pre,2,29.2,1101,188,66,10,17.7,39.4,51.6
GB001,M,13,0.76,autotomy,Intermediate,0.242,-0.262,5.9,False,True,,pre,3,36.7,885,217,81,12,13.3,66.2,78.2
GB001,M,13,0.76,autotomy,Intermediate,0.242,-0.262,5.9,False,True,,post,1,40.1,502,185,46,7,39.9,83.0,50.4
GB001,M,13,0.76,autotomy,Intermediate,0.242,-0.262,5.9,False,True,,post,2,39.1,527,212,33,12,30.3,31.9,34.2
GB001,M,13,0.76,autotomy,Intermediate,0.242,-0.262,5.9,False,True,,post,3,36.3,405,142,44,16,16.3,82.2,43.0
GB002,M,16,1.08,sham,Bold,1.812,1.89,,,,1.8,pre,1,5.7,2000,349,166,2,2.5,11.1,300.0
GB002,M,16,1.08,sham,Bold,1.812,1.89,,,,1.8,pre,2,3.4,2000,343,159,2,1.5,10.1,300.0
GB002,M,16,1.08,sham,Bold,1.812,1.89,,,,1.8,pre,3,5.2,1583,338,165,2,1.9,14.8,300.0
GB002,M,16,1.08,sham,Bold,1.812,1.89,,,,1.8,post,1,1.8,1465,428,148,1,1.9,10.6,299.0
GB002,M,16,1.08,sham,Bold,1.812,1.89,,,,1.8,post,2,1.0,1522,402,126,1,3.3,3.4,175.7
GB002,M,16,1.08,sham,Bold,1.812,1.89,,,,1.8,post,3,1.0,1231,380,143,2,1.8,9.5,235.8
GB003,M,15,0.95,autotomy,Intermediate,0.22,-0.083,5.4,False,True,,pre,1,7.3,962,273,105,21,8.6,60.3,163.5
GB003,M,15,0.95,autotomy,Intermediate,0.22,-0.083,5.4,False,True,,pre,2,10.8,526,241,105,9,18.7,66.4,147.8
GB003,M,15,0.95,autotomy,Intermediate,0.22,-0.083,5.4,False,True,,pre,3,9.8,586,215,101,14,17.8,56.0,120.6
GB003,M,15,0.95,autotomy,Intermediate,0.22,-0.083,5.4,False,True,,post,1,32.7,233,177,71,16,33.8,31.9,136.0
GB003,M,15,0.95,autotomy,Intermediate,0.22,-0.083,5.4,False,True,,post,2,20.4,284,198,63,20,24.2,59.8,84.0
GB003,M,15,0.95,autotomy,Intermediate,0.22,-0.083,5.4,False,True,,post,3,22.2,569,185,66,36,39.5,33.9,197.1
GB004,M,18,1.12,autotomy,Intermediate,0.093,-0.25,14.4,False,True,,pre,1,139.9,1234,252,77,19,34.6,17.9,138.7
GB004,M,18,1.12,autotomy,Intermediate,0.093,-0.25,14.4,False,True,,pre,2,51.6,1650,251,86,11,12.3,16.8,300.0
GB004,M,18,1.12,autotomy,Intermediate,0.093,-0.25,14.4,False,True,,pre,3,146.6,1140,230,101,17,18.4,19.9,193.1
GB004,M,18,1.12,autotomy,Intermediate,0.093,-0.25,14.4,False,True,,post,1,231.7,340,158,55,29,12.5,38.9,86.2
GB004,M,18,1.12,autotomy,Intermediate,0.093,-0.25,14.4,False,True,,post,2,153.4,444,180,65,12,15.0,13.7,96.1
GB004,M,18,1.12,autotomy,Intermediate,0.093,-0.25,14.4,False,True,,post,3,104.9,429,162,44,22,8.2,36.1,101.0
GB005,M,13,1.01,autotomy,Bold,1.496,0.511,5.5,False,True,,pre,1,3.1,2000,379,173,13,3.0,10.6,97.3
GB005,M,13,1.01,autotomy,Bold,1.496,0.511,5.5,False,True,,pre,2,4.5,2000,388,156,19,3.2,12.2,126.2
GB005,M,13,1.01,autotomy,Bold,1.496,0.511,5.5,False,True,,pre,3,4.2,2000,390,138,13,1.9,5.4,126.1
GB005,M,13,1.01,autotomy,Bold,1.496,0.511,5.5,False,True,,post,1,7.1,714,248,91,21,14.2,8.5,300.0
GB005,M,13,1.01,autotomy,Bold,1.496,0.511,5.5,False,True,,post,2,2.5,1380,230,90,18,9.3,14.5,165.3
GB005,M,13,1.01,autotomy,Bold,1.496,0.511,5.5,False,True,,post,3,6.8,1340,215,75,17,11.1,8.0,152.0
GB006,F,15,0.98,sham,Bold,0.701,0.568,,,,15.8,pre,1,12.9,1054,229,116,5,9.7,17.6,174.4
GB006,F,15,0.98,sham,Bold,0.701,0.568,,,,15.8,pre,2,14.9,1045,278,130,5,9.8,11.6,107.1
GB006,F,15,0.98,sham,Bold,0.701,0.568,,,,15.8,pre,3,23.0,930,240,134,2,6.6,10.7,102.6
GB006,F,15,0.98,sham,Bold,0.701,0.568,,,,15.8,post,1,11.7,572,258,161,4,6.4,24.1,197.5
GB006,F,15,0.98,sham,Bold,0.701,0.568,,,,15.8,post,2,10.2,506,269,155,7,20.1,19.1,72.6
GB006,F,15,0.98,sham,Bold,0.701,0.568,,,,15.8,post,3,13.7,1147,243,137,5,22.6,22.6,87.6
GB007,F,14,1.23,sham,Shy,-0.544,-0.577,,,,26.0,pre,1,93.9,1260,142,23,25,30.1,40.2,64.0
GB007,F,14,1.23,sham,Shy,-0.544,-0.577,,,,26.0,pre,2,91.4,1342,175,9,31,50.3,57.5,51.9
GB007,F,14,1.23,sham,Shy,-0.544,-0.577,,,,26.0,pre,3,97.6,852,136,44,39,27.9,45.8,48.0
GB007,F,14,1.23,sham,Shy,-0.544,-0.577,,,,26.0,post,1,136.3,1230,129,48,14,60.7,104.8,77.7
GB007,F,14,1.23,sham,Shy,-0.544,-0.577,,,,26.0,post,2,105.6,764,155,66,12,57.1,66.6,38.0
GB007,F,14,1.23,sham,Shy,-0.544,-0.577,,,,26.0,post,3,191.1,1269,127,60,16,31.1,71.1,52.6
GB008,M,18,1.08,autotomy,Bold,1.256,0.052,6.6,False,True,,pre,1,4.4,2000,344,118,1,9.5,53.2,300.0
GB008,M,18,1.08,autotomy,Bold,1.256,0.052,6.6,False,True,,pre,2,3.0,1808,393,146,5,10.0,13.3,300.0
GB008,M,18,1.08,autotomy,Bold,1.256,0.052,6.6,False,True,,pre,3,9.5,2000,358,138,2,9.3,17.6,115.7
GB008,M,18,1.08,autotomy,Bold,1.256,0.052,6.6,False,True,,post,1,50.1,493,250,46,10,4.2,29.9,15.3
GB008,M,18,1.08,autotomy,Bold,1.256,0.052,6.6,False,True,,post,2,80.1,517,214,43,13,6.3,42.1,58.3
GB008,M,18,1.08,autotomy,Bold,1.256,0.052,6.6,False,True,,post,3,58.9,907,205,58,12,7.2,34.7,44.9
GB009,M,8,1.24,sham,Shy,-0.84,-0.911,,,,9.8,pre,1,490.9,347,72,10,26,35.7,106.3,87.4
GB009,M,8,1.24,sham,Shy,-0.84,-0.911,,,,9.8,pre,2,92.4,171,79,7,50,57.6,104.4,98.3
GB009,M,8,1.24,sham,Shy,-0.84,-0.911,,,,9.8,pre,3,241.4,462,76,13,30,40.2,76.5,84.0
GB009,M,8,1.24,sham,Shy,-0.84,-0.911,,,,9.8,post,1,44.9,189,116,0,28,64.4,188.9,25.8
GB009,M,8,1.24,sham,Shy,-0.84,-0.911,,,,9.8,post,2,76.7,169,158,0,34,53.3,196.7,30.4
GB009,M,8,1.24,sham,Shy,-0.84,-0.911,,,,9.8,post,3,30.7,177,138,0,16,22.0,225.0,21.4
GB010,F,7,0.91,sham,Shy,-0.549,-0.491,,,,17.0,pre,1,35.6,1056,208,61,6,42.4,85.4,24.7
GB010,F,7,0.91,sham,Shy,-0.549,-0.491,,,,17.0,pre,2,57.9,1283,237,68,3,31.8,61.4,28.9
GB010,F,7,0.91,sham,Shy,-0.549,-0.491,,,,17.0,pre,3,84.3,671,152,59,2,32.8,107.4,8.7
GB010,F,7,0.91,sham,Shy,-0.549,-0.491,,,,17.0,post,1,30.6,710,154,51,16,76.2,71.9,74.8
GB010,F,7,0.91,sham,Shy,-0.549,-0.491,,,,17.0,post,2,94.0,538,180,46,30,113.9,70.6,66.1
GB010,F,7,0.91,sham,Shy,-0.549,-0.491,,,,17.0,post,3,31.0,749,149,34,16,53.9,54.5,57.0
GB011,M,13,1.01,sham,Shy,-0.949,-0.948,,,,21.8,pre,1,87.6,327,196,39,37,106.5,106.1,7.2
GB011,M,13,1.01,sham,Shy,-0.949,-0.948,,,,21.8,pre,2,56.5,374,156,16,26,89.0,70.4,19.3
GB011,M,13,1.01,sham,Shy,-0.949,-0.948,,,,21.8,pre,3,127.8,1072,194,36,65,64.1,228.0,8.6
GB011,M,13,1.01,sham,Shy,-0.949,-0.948,,,,21.8,post,1,140.4,488,117,23,21,46.0,216.7,76.3
GB011,M,13,1.01,sham,Shy,-0.949,-0.948,,,,21.8,post,2,116.0,432,133,19,22,62.3,295.0,44.6
GB011,M,13,1.01,sham,Shy,-0.949,-0.948,,,,21.8,post,3,111.6,221,112,2,35,49.6,282.3,43.0
GB012,F,13,1.2,sham,Shy,-0.836,-0.8,,,,26.0,pre,1,134.6,342,198,13,65,73.3,85.3,115.5
GB012,F,13,1.2,sham,Shy,-0.836,-0.8,,,,26.0,pre,2,44.5,167,198,0,66,46.7,112.4,93.9
GB012,F,13,1.2,sham,Shy,-0.836,-0.8,,,,26.0,pre,3,89.7,326,213,1,21,66.6,122.6,147.8
GB012,F,13,1.2,sham,Shy,-0.836,-0.8,,,,26.0,post,1,133.2,416,208,23,12,97.8,175.8,118.6
GB012,F,13,1.2,sham,Shy,-0.836,-0.8,,,,26.0,post,2,80.1,436,154,20,15,98.4,123.6,64.9
GB012,F,13,1.2,sham,Shy,-0.836,-0.8,,,,26.0,post,3,86.8,289,171,28,20,169.4,83.2,105.4
GB013,M,20,1.23,autotomy,Intermediate,0.233,-0.117,19.6,False,True,,pre,1,26.6,1771,247,104,12,20.1,79.9,300.0
GB013,M,20,1.23,autotomy,Intermediate,0.233,-0.117,19.6,False,True,,pre,2,44.4,1128,226,121,9,38.4,100.3,149.7
GB013,M,20,1.23,autotomy,Intermediate,0.233,-0.117,19.6,False,True,,pre,3,26.0,1839,226,98,15,13.9,68.1,58.5
GB013,M,20,1.23,autotomy,Intermediate,0.233,-0.117,19.6,False,True,,post,1,74.2,869,291,36,12,11.7,35.5,19.1
GB013,M,20,1.23,autotomy,Intermediate,0.233,-0.117,19.6,False,True,,post,2,74.9,624,261,46,7,15.4,50.8,20.7
GB013,M,20,1.23,autotomy,Intermediate,0.233,-0.117,19.6,False,True,,post,3,135.4,673,253,36,26,8.9,29.9,16.9
GB014,M,14,0.96,sham,Shy,-0.358,-0.276,,,,18.2,pre,1,32.7,508,161,83,10,12.4,69.1,50.1
GB014,M,14,0.96,sham,Shy,-0.358,-0.276,,,,18.2,pre,2,85.1,1457,171,68,6,22.7,137.5,59.3
GB014,M,14,0.96,sham,Shy,-0.358,-0.276,,,,18.2,pre,3,38.7,495,168,85,7,13.6,84.9,65.3
GB014,M,14,0.96,sham,Shy,-0.358,-0.276,,,,18.2,post,1,90.4,808,206,78,24,23.2,54.1,49.6
GB014,M,14,0.96,sham,Shy,-0.358,-0.276,,,,18.2,post,2,40.8,718,183,89,24,64.5,58.9,48.1
GB014,M,14,0.96,sham,Shy,-0.358,-0.276,,,,18.2,post,3,50.9,884,221,41,17,30.7,64.6,38.2
GB015,F,11,1.16,autotomy,Shy,-3.378,-3.841,30.0,True,False,,pre,1,598.0,153,10,0,64,299.0,295.0,3.9
GB015,F,11,1.16,autotomy,Shy,-3.378,-3.841,30.0,True,False,,pre,2,598.0,138,10,0,42,299.0,295.0,6.1
GB015,F,11,1.16,autotomy,Shy,-3.378,-3.841,30.0,True,False,,pre,3,598.0,159,10,0,65,299.0,295.0,4.0
GB015,F,11,1.16,autotomy,Shy,-3.378,-3.841,30.0,True,False,,post,1,598.0,50,10,0,51,299.0,295.0,2.0
GB015,F,11,1.16,autotomy,Shy,-3.378,-3.841,30.0,True,False,,post,2,598.0,50,10,0,55,299.0,295.0,3.5
GB015,F,11,1.16,autotomy,Shy,-3.378,-3.841,30.0,True,False,,post,3,598.0,50,10,0,72,299.0,295.0,2.0
GB016,F,9,1.38,autotomy,Intermediate,-0.168,-0.307,30.0,True,False,,pre,1,8.6,381,192,67,4,15.3,73.2,61.4
GB016,F,9,1.38,autotomy,Intermediate,-0.168,-0.307,30.0,True,False,,pre,2,15.3,598,197,69,6,10.1,66.0,96.3
GB016,F,9,1.38,autotomy,Intermediate,-0.168,-0.307,30.0,True,False,,pre,3,11.0,369,271,67,3,10.7,47.6,71.4
GB016,F,9,1.38,autotomy,Intermediate,-0.168,-0.307,30.0,True,False,,post,1,22.6,1115,189,67,13,16.5,51.0,66.2
GB016,F,9,1.38,autotomy,Intermediate,-0.168,-0.307,30.0,True,False,,post,2,64.5,754,226,62,25,28.2,54.9,65.9
GB016,F,9,1.38,autotomy,Intermediate,-0.168,-0.307,30.0,True,False,,post,3,61.0,854,199,62,14,43.9,64.8,61.4
GB017,F,18,1.17,sham,Shy,-0.418,-0.257,,,,26.0,pre,1,56.8,337,154,23,35,20.2,123.3,37.3
GB017,F,18,1.17,sham,Shy,-0.418,-0.257,,,,26.0,pre,2,30.3,392,213,51,13,22.9,52.5,23.1
GB017,F,18,1.17,sham,Shy,-0.418,-0.257,,,,26.0,pre,3,38.4,248,205,54,15,29.2,198.0,31.7
GB017,F,18,1.17,sham,Shy,-0.418,-0.257,,,,26.0,post,1,20.9,494,211,76,10,27.2,99.3,52.0
GB017,F,18,1.17,sham,Shy,-0.418,-0.257,,,,26.0,post,2,9.8,858,265,44,16,21.3,125.3,33.1
GB017,F,18,1.17,sham,Shy,-0.418,-0.257,,,,26.0,post,3,14.7,426,245,54,19,34.4,40.7,37.1
GB018,M,14,0.92,autotomy,Bold,0.793,0.332,2.4,False,True,,pre,1,3.5,386,294,117,5,20.1,15.1,214.5
GB018,M,14,0.92,autotomy,Bold,0.793,0.332,2.4,False,True,,pre,2,3.1,374,284,134,12,5.8,9.4,112.4
GB018,M,14,0.92,autotomy,Bold,0.793,0.332,2.4,False,True,,pre,3,3.1,540,274,124,1,5.3,19.4,80.9
GB018,M,14,0.92,autotomy,Bold,0.793,0.332,2.4,False,True,,post,1,9.2,1205,232,116,10,13.4,44.7,27.9
GB018,M,14,0.92,autotomy,Bold,0.793,0.332,2.4,False,True,,post,2,30.2,702,233,104,22,15.6,53.6,154.3
GB018,M,14,0.92,autotomy,Bold,0.793,0.332,2.4,False,True,,post,3,9.5,1340,204,92,36,12.8,37.7,200.1
GB019,F,12,1.25,autotomy,Shy,-0.463,-0.89,30.0,True,False,,pre,1,119.6,594,158,46,20,55.1,141.7,62.7
GB019,F,12,1.25,autotomy,Shy,-0.463,-0.89,30.0,True,False,,pre,2,182.5,662,168,36,18,32.4,65.1,49.2
GB019,F,12,1.25,autotomy,Shy,-0.463,-0.89,30.0,True,False,,pre,3,152.7,340,152,43,21,15.8,89.4,44.1
GB019,F,12,1.25,autotomy,Shy,-0.463,-0.89,30.0,True,False,,post,1,78.1,221,158,47,44,17.0,214.0,12.5
GB019,F,12,1.25,autotomy,Shy,-0.463,-0.89,30.0,True,False,,post,2,45.7,191,140,40,10,20.0,225.1,17.3
GB019,F,12,1.25,autotomy,Shy,-0.463,-0.89,30.0,True,False,,post,3,28.8,230,122,14,11,21.7,295.0,25.2
GB020,F,17,1.26,sham,Bold,2.639,2.828,,,,3.8,pre,1,1.5,2000,496,196,0,1.3,1.6,300.0
GB020,F,17,1.26,sham,Bold,2.639,2.828,,,,3.8,pre,2,5.0,2000,505,195,0,1.0,2.5,300.0
GB020,F,17,1.26,sham,Bold,2.639,2.828,,,,3.8,pre,3,3.2,2000,483,203,1,1.8,2.3,300.0
GB020,F,17,1.26,sham,Bold,2.639,2.828,,,,3.8,post,1,1.0,2000,444,202,1,1.6,3.9,300.0
GB020,F,17,1.26,sham,Bold,2.639,2.828,,,,3.8,post,2,1.0,2000,468,210,0,1.5,2.8,300.0
GB020,F,17,1.26,sham,Bold,2.639,2.828,,,,3.8,post,3,1.0,2000,429,197,0,1.8,1.8,269.1
GB021,F,9,1.18,autotomy,Bold,1.497,0.482,2.9,False,True,,pre,1,3.9,2000,318,175,5,9.7,5.2,300.0
GB021,F,9,1.18,autotomy,Bold,1.497,0.482,2.9,False,True,,pre,2,4.9,1078,295,163,8,9.8,12.0,266.3
GB021,F,9,1.18,autotomy,Bold,1.497,0.482,2.9,False,True,,pre,3,6.7,1542,256,150,9,8.8,6.3,280.8
GB021,F,9,1.18,autotomy,Bold,1.497,0.482,2.9,False,True,,post,1,55.6,631,215,88,26,12.6,7.6,57.9
GB021,F,9,1.18,autotomy,Bold,1.497,0.482,2.9,False,True,,post,2,67.9,627,235,93,21,13.5,9.7,145.1
GB021,F,9,1.18,autotomy,Bold,1.497,0.482,2.9,False,True,,post,3,51.8,876,257,105,4,14.6,8.1,149.7
GB022,M,7,1.13,sham,Shy,-0.49,-0.548,,,,26.0,pre,1,56.7,374,172,58,21,30.7,121.9,122.9
GB022,M,7,1.13,sham,Shy,-0.49,-0.548,,,,26.0,pre,2,33.1,499,172,55,12,30.1,154.4,206.9
GB022,M,7,1.13,sham,Shy,-0.49,-0.548,,,,26.0,pre,3,40.2,815,163,80,19,40.8,175.4,63.4
GB022,M,7,1.13,sham,Shy,-0.49,-0.548,,,,26.0,post,1,51.2,380,140,50,18,77.1,168.1,14.3
GB022,M,7,1.13,sham,Shy,-0.49,-0.548,,,,26.0,post,2,38.7,198,152,35,26,71.3,185.5,8.6
GB022,M,7,1.13,sham,Shy,-0.49,-0.548,,,,26.0,post,3,47.5,529,144,35,13,44.2,187.4,35.0
GB023,M,9,0.98,sham,Bold,1.05,1.21,,,,3.6,pre,1,31.5,685,322,156,3,5.3,48.9,93.4
GB023,M,9,0.98,sham,Bold,1.05,1.21,,,,3.6,pre,2,45.8,494,353,141,2,3.9,13.5,123.6
GB023,M,9,0.98,sham,Bold,1.05,1.21,,,,3.6,pre,3,22.9,616,350,127,7,11.6,40.0,96.9
GB023,M,9,0.98,sham,Bold,1.05,1.21,,,,3.6,post,1,7.2,1843,311,161,2,18.9,6.5,300.0
GB023,M,9,0.98,sham,Bold,1.05,1.21,,,,3.6,post,2,4.9,1734,291,166,2,17.8,21.5,231.5
GB023,M,9,0.98,sham,Bold,1.05,1.21,,,,3.6,post,3,8.8,2000,321,169,1,9.8,14.5,300.0
GB024,F,11,1.24,autotomy,Bold,0.625,-0.477,16.6,False,True,,pre,1,16.3,2000,228,122,6,8.0,41.0,125.3
GB024,F,11,1.24,autotomy,Bold,0.625,-0.477,16.6,False,True,,pre,2,13.6,1599,264,121,12,12.2,22.6,163.4
GB024,F,11,1.24,autotomy,Bold,0.625,-0.477,16.6,False,True,,pre,3,13.3,1463,245,97,13,3.2,27.0,102.0
GB024,F,11,1.24,autotomy,Bold,0.625,-0.477,16.6,False,True,,post,1,132.0,699,130,47,5,45.8,24.8,43.1
GB024,F,11,1.24,autotomy,Bold,0.625,-0.477,16.6,False,True,,post,2,184.6,499,156,51,8,35.6,17.3,39.3
GB024,F,11,1.24,autotomy,Bold,0.625,-0.477,16.6,False,True,,post,3,126.5,432,120,67,12,24.8,31.8,31.8
GB025,M,21,1.06,autotomy,Intermediate,0.133,-0.161,10.1,False,True,,pre,1,34.1,483,223,60,8,36.2,21.5,132.1
GB025,M,21,1.06,autotomy,Intermediate,0.133,-0.161,10.1,False,True,,pre,2,31.5,512,182,31,15,26.7,17.9,65.5
GB025,M,21,1.06,autotomy,Intermediate,0.133,-0.161,10.1,False,True,,pre,3,41.6,684,216,68,12,34.3,54.2,82.4
GB025,M,21,1.06,autotomy,Intermediate,0.133,-0.161,10.1,False,True,,post,1,21.6,734,212,47,13,12.9,40.3,16.3
GB025,M,21,1.06,autotomy,Intermediate,0.133,-0.161,10.1,False,True,,post,2,16.2,646,214,76,22,23.0,76.6,7.5
GB025,M,21,1.06,autotomy,Intermediate,0.133,-0.161,10.1,False,True,,post,3,17.9,600,186,61,18,26.9,37.8,24.8
GB026,M,20,1.31,sham,Bold,0.703,0.754,,,,15.2,pre,1,9.5,2000,291,120,8,19.5,6.0,144.5
GB026,M,20,1.31,sham,Bold,0.703,0.754,,,,15.2,pre,2,23.5,2000,299,87,4,19.3,11.5,52.7
GB026,M,20,1.31,sham,Bold,0.703,0.754,,,,15.2,pre,3,15.9,2000,286,83,7,8.9,15.7,51.5
GB026,M,20,1.31,sham,Bold,0.703,0.754,,,,15.2,post,1,9.7,2000,289,114,1,3.6,32.8,300.0
GB026,M,20,1.31,sham,Bold,0.703,0.754,,,,15.2,post,2,13.9,2000,250,141,7,6.5,24.2,239.3
GB026,M,20,1.31,sham,Bold,0.703,0.754,,,,15.2,post,3,9.5,2000,243,129,6,5.5,15.1,300.0
GB027,M,9,0.92,sham,Intermediate,-0.046,-0.157,,,,9.8,pre,1,99.9,741,244,69,49,26.3,36.3,73.4
GB027,M,9,0.92,sham,Intermediate,-0.046,-0.157,,,,9.8,pre,2,66.4,282,175,62,17,9.6,45.6,143.4
GB027,M,9,0.92,sham,Intermediate,-0.046,-0.157,,,,9.8,pre,3,29.5,620,238,66,23,14.2,63.9,163.5
GB027,M,9,0.92,sham,Intermediate,-0.046,-0.157,,,,9.8,post,1,15.6,584,180,90,7,36.4,21.7,103.6
GB027,M,9,0.92,sham,Intermediate,-0.046,-0.157,,,,9.8,post,2,22.1,903,178,64,3,45.5,36.5,56.4
GB027,M,9,0.92,sham,Intermediate,-0.046,-0.157,,,,9.8,post,3,37.7,332,162,56,4,38.8,24.8,121.7
GB028,F,7,1.26,autotomy,Intermediate,0.34,-0.177,30.0,True,False,,pre,1,57.6,361,245,89,7,3.6,19.7,176.2
GB028,F,7,1.26,autotomy,Intermediate,0.34,-0.177,30.0,True,False,,pre,2,40.6,456,194,82,0,5.8,23.0,149.5
GB028,F,7,1.26,autotomy,Intermediate,0.34,-0.177,30.0,True,False,,pre,3,21.8,836,245,79,3,7.6,56.5,108.6
GB028,F,7,1.26,autotomy,Intermediate,0.34,-0.177,30.0,True,False,,post,1,59.7,637,214,95,10,35.3,45.1,43.9
GB028,F,7,1.26,autotomy,Intermediate,0.34,-0.177,30.0,True,False,,post,2,43.6,671,230,117,27,44.4,32.5,25.8
GB028,F,7,1.26,autotomy,Intermediate,0.34,-0.177,30.0,True,False,,post,3,52.0,382,242,107,6,45.7,58.0,10.5
GB029,F,11,1.08,sham,Bold,0.923,1.056,,,,10.2,pre,1,11.2,1509,265,137,4,8.0,7.6,139.6
GB029,F,11,1.08,sham,Bold,0.923,1.056,,,,10.2,pre,2,14.7,797,278,133,8,8.2,17.6,150.4
GB029,F,11,1.08,sham,Bold,0.923,1.056,,,,10.2,pre,3,12.7,946,271,131,8,7.7,28.6,144.8
GB029,F,11,1.08,sham,Bold,0.923,1.056,,,,10.2,post,1,19.6,826,272,105,7,27.6,6.7,300.0
GB029,F,11,1.08,sham,Bold,0.923,1.056,,,,10.2,post,2,26.0,803,271,122,5,10.5,15.5,191.3
GB029,F,11,1.08,sham,Bold,0.923,1.056,,,,10.2,post,3,10.1,1498,329,134,1,19.1,15.3,188.3
GB030,F,16,1.14,sham,Bold,2.152,2.138,,,,1.8,pre,1,1.0,1101,344,179,0,1.8,3.8,207.9
GB030,F,16,1.14,sham,Bold,2.152,2.138,,,,1.8,pre,2,1.8,1882,386,175,0,3.4,3.1,300.0
GB030,F,16,1.14,sham,Bold,2.152,2.138,,,,1.8,pre,3,1.7,2000,367,187,1,3.9,3.1,300.0
GB030,F,16,1.14,sham,Bold,2.152,2.138,,,,1.8,post,1,2.0,668,435,188,0,1.7,3.8,300.0
GB030,F,16,1.14,sham,Bold,2.152,2.138,,,,1.8,post,2,3.4,760,457,169,0,1.5,5.7,300.0
GB030,F,16,1.14,sham,Bold,2.152,2.138,,,,1.8,post,3,2.7,888,440,172,0,3.1,6.3,297.3
GB031,M,13,0.98,autotomy,Intermediate,0.151,-0.485,15.8,False,True,,pre,1,30.5,1242,228,67,9,16.5,48.2,252.2
GB031,M,13,0.98,autotomy,Intermediate,0.151,-0.485,15.8,False,True,,pre,2,36.3,875,219,82,3,6.4,35.7,165.1
GB031,M,13,0.98,autotomy,Intermediate,0.151,-0.485,15.8,False,True,,pre,3,23.9,929,208,89,13,10.4,63.8,107.5
GB031,M,13,0.98,autotomy,Intermediate,0.151,-0.485,15.8,False,True,,post,1,48.7,571,146,25,53,35.7,62.6,14.1
GB031,M,13,0.98,autotomy,Intermediate,0.151,-0.485,15.8,False,True,,post,2,60.0,374,145,51,26,23.8,75.5,22.1
GB031,M,13,0.98,autotomy,Intermediate,0.151,-0.485,15.8,False,True,,post,3,84.5,433,110,28,79,42.2,171.4,51.3
GB032,F,21,1.27,sham,Shy,-0.354,-0.301,,,,25.8,pre,1,45.6,733,130,88,19,21.1,137.9,43.0
GB032,F,21,1.27,sham,Shy,-0.354,-0.301,,,,25.8,pre,2,34.0,425,176,92,25,30.4,78.2,54.3
GB032,F,21,1.27,sham,Shy,-0.354,-0.301,,,,25.8,pre,3,44.2,295,131,75,10,26.3,118.5,15.2
GB032,F,21,1.27,sham,Shy,-0.354,-0.301,,,,25.8,post,1,54.0,148,106,101,4,120.2,65.2,45.5
GB032,F,21,1.27,sham,Shy,-0.354,-0.301,,,,25.8,post,2,27.7,269,171,69,1,64.9,48.6,100.7
GB032,F,21,1.27,sham,Shy,-0.354,-0.301,,,,25.8,post,3,16.6,345,150,93,4,31.2,33.4,80.3
GB033,M,20,1.11,sham,Shy,-2.129,-2.191,,,,26.0,pre,1,415.3,243,52,0,65,217.0,295.0,31.2
GB033,M,20,1.11,sham,Shy,-2.129,-2.191,,,,26.0,pre,2,245.4,146,61,0,62,299.0,295.0,14.8
GB033,M,20,1.11,sham,Shy,-2.129,-2.191,,,,26.0,pre,3,473.7,171,45,0,63,183.4,295.0,29.7
GB033,M,20,1.11,sham,Shy,-2.129,-2.191,,,,26.0,post,1,450.4,95,10,0,50,184.1,295.0,6.1
GB033,M,20,1.11,sham,Shy,-2.129,-2.191,,,,26.0,post,2,389.3,67,10,0,64,231.3,295.0,8.7
GB033,M,20,1.11,sham,Shy,-2.129,-2.191,,,,26.0,post,3,342.2,103,19,0,67,169.1,295.0,10.0
GB034,F,13,1.19,sham,Bold,2.061,2.094,,,,3.0,pre,1,3.0,1358,412,148,4,1.4,6.2,196.4
GB034,F,13,1.19,sham,Bold,2.061,2.094,,,,3.0,pre,2,2.9,2000,358,160,2,1.4,10.7,300.0
GB034,F,13,1.19,sham,Bold,2.061,2.094,,,,3.0,pre,3,3.5,2000,379,169,0,1.0,3.2,300.0
GB034,F,13,1.19,sham,Bold,2.061,2.094,,,,3.0,post,1,1.1,2000,327,179,0,2.2,6.2,300.0
GB034,F,13,1.19,sham,Bold,2.061,2.094,,,,3.0,post,2,2.6,2000,282,158,1,5.8,2.5,300.0
GB034,F,13,1.19,sham,Bold,2.061,2.094,,,,3.0,post,3,2.1,2000,323,140,0,2.4,3.3,300.0
GB035,M,17,0.96,sham,Shy,-0.363,-0.356,,,,26.0,pre,1,49.5,1192,117,48,8,59.7,34.2,72.6
GB035,M,17,0.96,sham,Shy,-0.363,-0.356,,,,26.0,pre,2,77.7,502,164,46,9,21.6,70.0,114.7
GB035,M,17,0.96,sham,Shy,-0.363,-0.356,,,,26.0,pre,3,106.5,815,139,44,11,15.8,56.9,78.8
GB035,M,17,0.96,sham,Shy,-0.363,-0.356,,,,26.0,post,1,71.4,626,208,54,10,26.4,35.7,39.7
GB035,M,17,0.96,sham,Shy,-0.363,-0.356,,,,26.0,post,2,86.1,530,171,78,4,19.2,18.0,24.8
GB035,M,17,0.96,sham,Shy,-0.363,-0.356,,,,26.0,post,3,101.9,437,195,74,11,21.3,15.7,44.2
GB036,F,15,1.3,autotomy,Bold,0.635,-0.108,21.6,False,True,,pre,1,27.3,2000,227,124,11,14.2,13.9,87.6
GB036,F,15,1.3,autotomy,Bold,0.635,-0.108,21.6,False,True,,pre,2,15.4,771,282,129,17,7.6,20.8,91.5
GB036,F,15,1.3,autotomy,Bold,0.635,-0.108,21.6,False,True,,pre,3,17.6,1479,247,114,9,12.4,8.9,142.6
GB036,F,15,1.3,autotomy,Bold,0.635,-0.108,21.6,False,True,,post,1,20.8,406,167,49,4,15.7,88.8,24.4
GB036,F,15,1.3,autotomy,Bold,0.635,-0.108,21.6,False,True,,post,2,17.2,737,151,65,8,6.9,39.3,44.8
GB036,F,15,1.3,autotomy,Bold,0.635,-0.108,21.6,False,True,,post,3,39.1,299,154,55,7,13.1,48.1,30.8
GB037,M,21,0.97,sham,Bold,1.806,1.914,,,,2.3,pre,1,2.8,2000,353,179,2,5.2,9.8,300.0
GB037,M,21,0.97,sham,Bold,1.806,1.914,,,,2.3,pre,2,2.6,1196,333,170,0,4.3,9.7,300.0
GB037,M,21,0.97,sham,Bold,1.806,1.914,,,,2.3,pre,3,1.8,2000,347,182,1,11.5,9.5,300.0
GB037,M,21,0.97,sham,Bold,1.806,1.914,,,,2.3,post,1,1.8,1330,366,131,3,2.1,8.9,198.6
GB037,M,21,0.97,sham,Bold,1.806,1.914,,,,2.3,post,2,1.8,1714,348,165,1,2.2,4.6,300.0
GB037,M,21,0.97,sham,Bold,1.806,1.914,,,,2.3,post,3,2.4,1893,353,186,0,2.0,7.2,300.0
GB038,M,21,1.04,sham,Intermediate,0.128,0.199,,,,7.7,pre,1,46.4,1342,197,96,4,32.9,23.1,81.4
GB038,M,21,1.04,sham,Intermediate,0.128,0.199,,,,7.7,pre,2,30.5,1151,213,79,8,51.6,39.3,74.2
GB038,M,21,1.04,sham,Intermediate,0.128,0.199,,,,7.7,pre,3,27.8,1605,236,89,3,92.3,30.0,96.4
GB038,M,21,1.04,sham,Intermediate,0.128,0.199,,,,7.7,post,1,20.6,1649,228,89,8,15.5,35.1,42.8
GB038,M,21,1.04,sham,Intermediate,0.128,0.199,,,,7.7,post,2,23.5,843,228,98,0,12.5,25.5,52.5
GB038,M,21,1.04,sham,Intermediate,0.128,0.199,,,,7.7,post,3,25.3,1167,264,96,1,12.0,19.1,39.8
GB039,F,16,1.04,sham,Intermediate,-0.095,-0.134,,,,14.4,pre,1,74.1,579,256,85,8,102.3,40.0,39.4
GB039,F,16,1.04,sham,Intermediate,-0.095,-0.134,,,,14.4,pre,2,77.9,668,247,103,12,48.1,26.1,31.9
GB039,F,16,1.04,sham,Intermediate,-0.095,-0.134,,,,14.4,pre,3,62.4,384,257,78,24,45.9,35.3,49.6
GB039,F,16,1.04,sham,Intermediate,-0.095,-0.134,,,,14.4,post,1,11.9,561,177,104,29,23.2,26.4,66.1
GB039,F,16,1.04,sham,Intermediate,-0.095,-0.134,,,,14.4,post,2,15.2,636,194,83,25,22.2,14.1,47.7
GB039,F,16,1.04,sham,Intermediate,-0.095,-0.134,,,,14.4,post,3,9.1,596,207,65,29,36.7,11.6,49.3
GB040,M,16,1.12,sham,Bold,1.32,1.318,,,,4.8,pre,1,1.4,2000,298,137,5,5.4,28.1,59.4
GB040,M,16,1.12,sham,Bold,1.32,1.318,,,,4.8,pre,2,2.8,2000,299,118,3,8.5,27.5,108.3
GB040,M,16,1.12,sham,Bold,1.32,1.318,,,,4.8,pre,3,4.2,2000,263,141,5,5.9,18.4,99.3
GB040,M,16,1.12,sham,Bold,1.32,1.318,,,,4.8,post,1,19.6,947,331,153,4,9.2,5.5,289.8
GB040,M,16,1.12,sham,Bold,1.32,1.318,,,,4.8,post,2,10.2,842,294,154,0,12.0,3.3,300.0
GB040,M,16,1.12,sham,Bold,1.32,1.318,,,,4.8,post,3,12.0,1141,298,127,1,6.9,7.5,228.7
GB041,M,18,1.27,autotomy,Intermediate,0.361,-0.021,11.7,False,True,,pre,1,12.6,1016,218,140,10,20.6,31.8,62.3
GB041,M,18,1.27,autotomy,Intermediate,0.361,-0.021,11.7,False,True,,pre,2,28.4,539,252,131,4,13.5,20.5,56.2
GB041,M,18,1.27,autotomy,Intermediate,0.361,-0.021,11.7,False,True,,pre,3,20.6,406,226,114,6,9.9,15.6,81.8
GB041,M,18,1.27,autotomy,Intermediate,0.361,-0.021,11.7,False,True,,post,1,17.9,635,154,76,5,9.1,31.3,164.2
GB041,M,18,1.27,autotomy,Intermediate,0.361,-0.021,11.7,False,True,,post,2,69.5,469,142,45,7,8.5,31.8,101.5
GB041,M,18,1.27,autotomy,Intermediate,0.361,-0.021,11.7,False,True,,post,3,21.5,666,129,35,4,27.5,21.8,126.4
GB042,M,19,1.07,autotomy,Bold,0.486,0.301,4.6,False,True,,pre,1,17.9,1157,231,135,2,29.8,18.6,241.0
GB042,M,19,1.07,autotomy,Bold,0.486,0.301,4.6,False,True,,pre,2,8.1,1006,240,110,0,54.5,43.9,124.5
GB042,M,19,1.07,autotomy,Bold,0.486,0.301,4.6,False,True,,pre,3,17.9,839,245,119,2,20.6,33.6,132.4
GB042,M,19,1.07,autotomy,Bold,0.486,0.301,4.6,False,True,,post,1,30.5,1497,251,84,4,32.4,16.9,263.4
GB042,M,19,1.07,autotomy,Bold,0.486,0.301,4.6,False,True,,post,2,24.7,979,256,85,4,34.5,18.7,215.1
GB042,M,19,1.07,autotomy,Bold,0.486,0.301,4.6,False,True,,post,3,40.5,1966,256,65,13,34.1,15.4,130.3
GB043,F,9,1.32,autotomy,Shy,-1.423,-1.654,30.0,True,False,,pre,1,598.0,1101,88,0,55,53.3,172.1,25.3
GB043,F,9,1.32,autotomy,Shy,-1.423,-1.654,30.0,True,False,,pre,2,598.0,511,133,0,36,43.8,217.7,50.7
GB043,F,9,1.32,autotomy,Shy,-1.423,-1.654,30.0,True,False,,pre,3,517.1,375,87,0,65,70.1,116.2,30.0
GB043,F,9,1.32,autotomy,Shy,-1.423,-1.654,30.0,True,False,,post,1,138.6,208,35,10,66,299.0,118.6,40.0
GB043,F,9,1.32,autotomy,Shy,-1.423,-1.654,30.0,True,False,,post,2,111.5,146,85,5,40,232.2,295.0,34.9
GB043,F,9,1.32,autotomy,Shy,-1.423,-1.654,30.0,True,False,,post,3,71.0,198,52,0,54,277.2,191.1,36.2
GB044,M,21,1.04,autotomy,Bold,1.106,0.056,11.9,False,True,,pre,1,12.7,736,276,168,6,2.7,7.3,200.2
GB044,M,21,1.04,autotomy,Bold,1.106,0.056,11.9,False,True,,pre,2,19.7,580,279,152,4,4.6,5.3,227.0
GB044,M,21,1.04,autotomy,Bold,1.106,0.056,11.9,False,True,,pre,3,17.4,1005,259,163,8,5.5,2.4,300.0
GB044,M,21,1.04,autotomy,Bold,1.106,0.056,11.9,False,True,,post,1,15.6,494,252,43,20,9.4,70.6,43.1
GB044,M,21,1.04,autotomy,Bold,1.106,0.056,11.9,False,True,,post,2,14.6,699,261,21,27,8.8,26.8,66.0
GB044,M,21,1.04,autotomy,Bold,1.106,0.056,11.9,False,True,,post,3,16.1,445,294,46,15,27.7,113.0,52.1
GB045,F,13,1.1,autotomy,Intermediate,0.476,-0.284,11.2,False,True,,pre,1,55.9,930,277,95,9,11.9,36.9,72.3
GB045,F,13,1.1,autotomy,Intermediate,0.476,-0.284,11.2,False,True,,pre,2,57.9,1757,249,84,4,6.3,22.8,185.6
GB045,F,13,1.1,autotomy,Intermediate,0.476,-0.284,11.2,False,True,,pre,3,31.5,1577,235,90,8,3.6,23.0,87.9
GB045,F,13,1.1,autotomy,Intermediate,0.476,-0.284,11.2,False,True,,post,1,61.4,1154,167,51,69,11.0,57.1,71.8
GB045,F,13,1.1,autotomy,Intermediate,0.476,-0.284,11.2,False,True,,post,2,32.5,1183,181,43,64,47.4,58.2,37.7
GB045,F,13,1.1,autotomy,Intermediate,0.476,-0.284,11.2,False,True,,post,3,64.3,1586,141,38,34,31.9,42.7,26.7
GB046,F,7,1.06,autotomy,Shy,-1.272,-1.358,30.0,True,False,,pre,1,55.3,281,33,17,6,45.7,85.0,22.2
GB046,F,7,1.06,autotomy,Shy,-1.272,-1.358,30.0,True,False,,pre,2,52.6,369,51,5,23,24.8,133.4,12.6
GB046,F,7,1.06,autotomy,Shy,-1.272,-1.358,30.0,True,False,,pre,3,111.2,289,68,22,4,66.4,154.6,11.0
GB046,F,7,1.06,autotomy,Shy,-1.272,-1.358,30.0,True,False,,post,1,93.1,325,21,0,22,23.6,150.0,32.7
GB046,F,7,1.06,autotomy,Shy,-1.272,-1.358,30.0,True,False,,post,2,367.8,566,47,14,38,34.1,172.0,31.8
GB046,F,7,1.06,autotomy,Shy,-1.272,-1.358,30.0,True,False,,post,3,72.5,394,44,20,8,19.0,286.5,24.6
GB047,M,10,1.12,autotomy,Intermediate,0.385,-0.225,10.6,False,True,,pre,1,22.6,247,196,96,9,17.1,43.5,139.2
GB047,M,10,1.12,autotomy,Intermediate,0.385,-0.225,10.6,False,True,,pre,2,31.5,365,233,96,3,22.1,39.8,216.5
GB047,M,10,1.12,autotomy,Intermediate,0.385,-0.225,10.6,False,True,,pre,3,46.1,713,304,113,10,14.4,34.3,300.0
GB047,M,10,1.12,autotomy,Intermediate,0.385,-0.225,10.6,False,True,,post,1,13.1,515,216,16,13,28.9,100.9,47.9
GB047,M,10,1.12,autotomy,Intermediate,0.385,-0.225,10.6,False,True,,post,2,33.4,265,213,25,8,22.2,76.5,40.6
GB047,M,10,1.12,autotomy,Intermediate,0.385,-0.225,10.6,False,True,,post,3,10.7,261,196,33,23,28.8,163.5,47.1
GB048,F,19,1.25,autotomy,Shy,-1.963,-2.526,30.0,True,False,,pre,1,598.0,57,30,0,56,157.6,295.0,7.6
GB048,F,19,1.25,autotomy,Shy,-1.963,-2.526,30.0,True,False,,pre,2,463.5,68,10,0,58,127.7,295.0,4.6
GB048,F,19,1.25,autotomy,Shy,-1.963,-2.526,30.0,True,False,,pre,3,356.6,102,10,0,33,80.9,295.0,8.1
GB048,F,19,1.25,autotomy,Shy,-1.963,-2.526,30.0,True,False,,post,1,239.5,86,10,0,65,207.4,295.0,6.7
GB048,F,19,1.25,autotomy,Shy,-1.963,-2.526,30.0,True,False,,post,2,313.1,119,10,0,54,208.7,295.0,5.2
GB048,F,19,1.25,autotomy,Shy,-1.963,-2.526,30.0,True,False,,post,3,355.9,149,10,0,49,117.0,295.0,12.1
GB049,F,10,1.14,sham,Bold,2.442,2.483,,,,4.2,pre,1,1.0,2000,326,194,2,1.0,1.0,300.0
GB049,F,10,1.14,sham,Bold,2.442,2.483,,,,4.2,pre,2,1.0,2000,358,185,1,1.3,1.0,281.4
GB049,F,10,1.14,sham,Bold,2.442,2.483,,,,4.2,pre,3,1.0,2000,340,207,2,2.5,1.0,300.0
GB049,F,10,1.14,sham,Bold,2.442,2.483,,,,4.2,post,1,1.9,2000,440,193,1,3.2,5.1,300.0
GB049,F,10,1.14,sham,Bold,2.442,2.483,,,,4.2,post,2,2.4,2000,412,196,1,2.9,2.4,300.0
GB049,F,10,1.14,sham,Bold,2.442,2.483,,,,4.2,post,3,1.6,2000,440,215,1,1.4,4.1,300.0
GB050,M,20,0.98,autotomy,Shy,-1.202,-1.583,29.7,False,True,,pre,1,341.9,92,107,60,22,164.0,185.4,16.3
GB050,M,20,0.98,autotomy,Shy,-1.202,-1.583,29.7,False,True,,pre,2,441.8,56,103,59,9,153.7,192.3,22.8
GB050,M,20,0.98,autotomy,Shy,-1.202,-1.583,29.7,False,True,,pre,3,456.3,85,89,49,13,259.0,161.6,23.0
GB050,M,20,0.98,autotomy,Shy,-1.202,-1.583,29.7,False,True,,post,1,54.3,162,111,0,47,195.5,57.7,36.2
GB050,M,20,0.98,autotomy,Shy,-1.202,-1.583,29.7,False,True,,post,2,167.1,150,134,16,60,78.6,112.1,59.9
GB050,M,20,0.98,autotomy,Shy,-1.202,-1.583,29.7,False,True,,post,3,102.6,137,117,14,25,77.4,56.9,29.5
GB051,M,11,1.08,sham,Bold,1.512,1.498,,,,1.5,pre,1,1.9,1717,316,147,10,6.3,11.3,55.7
GB051,M,11,1.08,sham,Bold,1.512,1.498,,,,1.5,pre,2,3.3,975,334,153,8,3.7,6.3,89.5
GB051,M,11,1.08,sham,Bold,1.512,1.498,,,,1.5,pre,3,3.0,1624,338,164,6,6.1,11.0,68.8
GB051,M,11,1.08,sham,Bold,1.512,1.498,,,,1.5,post,1,18.4,2000,360,138,1,2.0,3.8,216.3
GB051,M,11,1.08,sham,Bold,1.512,1.498,,,,1.5,post,2,7.8,2000,333,148,0,5.5,7.8,264.6
GB051,M,11,1.08,sham,Bold,1.512,1.498,,,,1.5,post,3,9.7,2000,341,144,1,2.4,8.6,300.0
GB052,M,13,1.17,autotomy,Shy,-0.913,-1.368,18.4,False,True,,pre,1,151.0,700,126,33,19,145.2,21.1,28.6
GB052,M,13,1.17,autotomy,Shy,-0.913,-1.368,18.4,False,True,,pre,2,71.5,259,69,43,42,88.5,54.0,14.6
GB052,M,13,1.17,autotomy,Shy,-0.913,-1.368,18.4,False,True,,pre,3,124.0,321,121,31,26,87.7,37.0,22.1
GB052,M,13,1.17,autotomy,Shy,-0.913,-1.368,18.4,False,True,,post,1,176.5,190,60,21,48,41.4,81.1,8.1
GB052,M,13,1.17,autotomy,Shy,-0.913,-1.368,18.4,False,True,,post,2,150.5,100,84,28,15,89.8,100.3,18.1
GB052,M,13,1.17,autotomy,Shy,-0.913,-1.368,18.4,False,True,,post,3,321.0,295,59,18,48,72.0,82.4,32.6
GB053,M,13,1.09,autotomy,Intermediate,0.46,0.204,7.8,False,True,,pre,1,12.8,642,273,86,5,13.8,47.0,300.0
GB053,M,13,1.09,autotomy,Intermediate,0.46,0.204,7.8,False,True,,pre,2,26.0,716,224,91,4,20.5,64.1,217.1
GB053,M,13,1.09,autotomy,Intermediate,0.46,0.204,7.8,False,True,,pre,3,23.3,545,233,85,7,15.4,63.2,300.0
GB053,M,13,1.09,autotomy,Intermediate,0.46,0.204,7.8,False,True,,post,1,19.8,1503,210,96,2,21.1,29.2,47.1
GB053,M,13,1.09,autotomy,Intermediate,0.46,0.204,7.8,False,True,,post,2,20.2,698,232,80,6,31.9,28.3,146.5
GB053,M,13,1.09,autotomy,Intermediate,0.46,0.204,7.8,False,True,,post,3,20.0,406,226,72,8,24.5,39.5,70.1
GB054,F,19,1.16,autotomy,Shy,-0.812,-0.964,30.0,True,False,,pre,1,17.5,890,91,11,6,71.3,134.1,18.1
GB054,F,19,1.16,autotomy,Shy,-0.812,-0.964,30.0,True,False,,pre,2,41.8,345,78,5,8,43.3,207.3,22.5
GB054,F,19,1.16,autotomy,Shy,-0.812,-0.964,30.0,True,False,,pre,3,15.5,277,105,0,11,19.4,68.2,13.1
GB054,F,19,1.16,autotomy,Shy,-0.812,-0.964,30.0,True,False,,post,1,209.0,113,79,67,46,18.1,142.0,88.6
GB054,F,19,1.16,autotomy,Shy,-0.812,-0.964,30.0,True,False,,post,2,188.7,56,60,86,33,25.4,284.2,150.1
GB054,F,19,1.16,autotomy,Shy,-0.812,-0.964,30.0,True,False,,post,3,206.8,141,49,68,30,37.4,261.8,88.0
GB055,M,21,0.93,autotomy,Bold,0.897,0.071,5.0,False,True,,pre,1,3.5,2000,302,146,14,10.8,22.8,96.0
GB055,M,21,0.93,autotomy,Bold,0.897,0.071,5.0,False,True,,pre,2,5.2,2000,300,144,9,5.2,21.8,127.5
GB055,M,21,0.93,autotomy,Bold,0.897,0.071,5.0,False,True,,pre,3,3.4,1825,305,128,10,7.4,20.4,102.8
GB055,M,21,0.93,autotomy,Bold,0.897,0.071,5.0,False,True,,post,1,47.3,1044,240,54,27,25.8,31.8,66.0
GB055,M,21,0.93,autotomy,Bold,0.897,0.071,5.0,False,True,,post,2,38.3,347,267,50,24,43.1,33.6,119.7
GB055,M,21,0.93,autotomy,Bold,0.897,0.071,5.0,False,True,,post,3,60.0,593,270,62,30,48.3,49.6,72.8
GB056,F,17,0.91,autotomy,Intermediate,-0.135,-0.718,21.4,False,True,,pre,1,55.0,1087,208,91,18,44.1,62.4,110.0
GB056,F,17,0.91,autotomy,Intermediate,-0.135,-0.718,21.4,False,True,,pre,2,99.1,1254,220,58,7,29.8,39.2,66.0
GB056,F,17,0.91,autotomy,Intermediate,-0.135,-0.718,21.4,False,True,,pre,3,112.4,533,188,107,6,48.2,23.8,56.0
GB056,F,17,0.91,autotomy,Intermediate,-0.135,-0.718,21.4,False,True,,post,1,65.2,187,173,74,17,128.0,175.8,89.0
GB056,F,17,0.91,autotomy,Intermediate,-0.135,-0.718,21.4,False,True,,post,2,107.7,215,146,58,21,131.9,122.9,44.3
GB056,F,17,0.91,autotomy,Intermediate,-0.135,-0.718,21.4,False,True,,post,3,73.1,144,165,87,11,92.6,295.0,30.0
GB057,M,19,0.95,sham,Intermediate,0.368,0.332,,,,15.6,pre,1,46.0,600,222,108,8,11.7,38.6,113.8
GB057,M,19,0.95,sham,Intermediate,0.368,0.332,,,,15.6,pre,2,12.9,1039,157,138,8,14.4,25.8,70.7
GB057,M,19,0.95,sham,Intermediate,0.368,0.332,,,,15.6,pre,3,28.8,1356,184,111,6,11.8,39.9,70.4
GB057,M,19,0.95,sham,Intermediate,0.368,0.332,,,,15.6,post,1,31.6,696,246,90,4,18.1,46.2,132.1
GB057,M,19,0.95,sham,Intermediate,0.368,0.332,,,,15.6,post,2,11.4,423,280,85,0,35.9,34.8,57.3
GB057,M,19,0.95,sham,Intermediate,0.368,0.332,,,,15.6,post,3,45.1,710,232,90,4,12.5,48.9,154.0
GB058,M,10,0.86,sham,Intermediate,-0.085,0.116,,,,10.5,pre,1,25.5,168,188,80,18,33.7,39.2,52.0
GB058,M,10,0.86,sham,Intermediate,-0.085,0.116,,,,10.5,pre,2,28.2,166,145,85,76,7.6,60.0,120.6
GB058,M,10,0.86,sham,Intermediate,-0.085,0.116,,,,10.5,pre,3,29.8,210,191,64,25,31.1,59.4,38.6
GB058,M,10,0.86,sham,Intermediate,-0.085,0.116,,,,10.5,post,1,18.5,264,185,103,6,11.1,16.2,65.9
GB058,M,10,0.86,sham,Intermediate,-0.085,0.116,,,,10.5,post,2,23.5,243,178,105,7,13.5,32.3,42.3
GB058,M,10,0.86,sham,Intermediate,-0.085,0.116,,,,10.5,post,3,9.3,620,204,103,6,9.1,69.8,128.1
GB059,F,19,0.99,autotomy,Shy,-1.266,-1.695,30.0,True,False,,pre,1,148.0,100,104,0,18,64.5,295.0,9.4
GB059,F,19,0.99,autotomy,Shy,-1.266,-1.695,30.0,True,False,,pre,2,81.0,278,130,0,25,77.0,295.0,6.6
GB059,F,19,0.99,autotomy,Shy,-1.266,-1.695,30.0,True,False,,pre,3,105.0,153,88,11,35,50.9,295.0,10.2
GB059,F,19,0.99,autotomy,Shy,-1.266,-1.695,30.0,True,False,,post,1,132.5,346,53,5,60,78.8,295.0,11.7
GB059,F,19,0.99,autotomy,Shy,-1.266,-1.695,30.0,True,False,,post,2,109.2,305,39,8,83,66.9,295.0,15.7
GB059,F,19,0.99,autotomy,Shy,-1.266,-1.695,30.0,True,False,,post,3,304.4,122,59,18,69,118.4,295.0,17.3
GB060,F,13,1.18,sham,Bold,0.604,0.657,,,,14.6,pre,1,27.0,887,310,170,6,6.1,42.3,300.0
GB060,F,13,1.18,sham,Bold,0.604,0.657,,,,14.6,pre,2,27.4,1710,312,142,3,7.2,27.8,108.1
GB060,F,13,1.18,sham,Bold,0.604,0.657,,,,14.6,pre,3,23.4,722,348,161,3,10.3,25.6,162.8
GB060,F,13,1.18,sham,Bold,0.604,0.657,,,,14.6,post,1,9.7,1243,311,75,15,18.5,22.2,33.8
GB060,F,13,1.18,sham,Bold,0.604,0.657,,,,14.6,post,2,4.4,1745,298,79,5,17.6,57.8,62.1
GB060,F,13,1.18,sham,Bold,0.604,0.657,,,,14.6,post,3,9.8,2000,284,56,6,13.7,52.7,78.1
GB061,F,17,1.37,sham,Shy,-0.403,-0.416,,,,26.0,pre,1,52.7,332,187,65,6,19.4,69.0,42.8
GB061,F,17,1.37,sham,Shy,-0.403,-0.416,,,,26.0,pre,2,53.2,294,130,53,1,14.1,83.1,19.5
GB061,F,17,1.37,sham,Shy,-0.403,-0.416,,,,26.0,pre,3,40.2,294,186,76,3,19.1,98.7,74.2
GB061,F,17,1.37,sham,Shy,-0.403,-0.416,,,,26.0,post,1,112.0,773,170,33,17,20.7,79.5,91.2
GB061,F,17,1.37,sham,Shy,-0.403,-0.416,,,,26.0,post,2,81.0,342,101,49,12,18.5,108.3,124.8
GB061,F,17,1.37,sham,Shy,-0.403,-0.416,,,,26.0,post,3,116.4,563,130,73,9,11.5,73.2,123.7
GB062,M,9,0.85,autotomy,Bold,0.945,0.421,5.0,False,True,,pre,1,21.7,835,246,115,1,4.5,14.3,235.0
GB062,M,9,0.85,autotomy,Bold,0.945,0.421,5.0,False,True,,pre,2,16.2,533,228,127,12,3.0,38.4,300.0
GB062,M,9,0.85,autotomy,Bold,0.945,0.421,5.0,False,True,,pre,3,14.3,910,233,95,3,3.5,30.4,298.1
GB062,M,9,0.85,autotomy,Bold,0.945,0.421,5.0,False,True,,post,1,23.3,387,306,105,2,52.0,26.1,181.5
GB062,M,9,0.85,autotomy,Bold,0.945,0.421,5.0,False,True,,post,2,16.0,564,256,114,6,14.5,16.8,88.2
GB062,M,9,0.85,autotomy,Bold,0.945,0.421,5.0,False,True,,post,3,14.4,640,283,130,9,21.8,37.9,300.0
GB063,M,12,1.22,autotomy,Intermediate,-0.336,-0.653,19.7,False,True,,pre,1,83.5,1867,158,61,72,67.4,21.7,42.4
GB063,M,12,1.22,autotomy,Intermediate,-0.336,-0.653,19.7,False,True,,pre,2,72.7,1272,229,67,65,45.1,112.1,36.9
GB063,M,12,1.22,autotomy,Intermediate,-0.336,-0.653,19.7,False,True,,pre,3,28.2,1006,168,79,23,70.8,110.4,29.8
GB063,M,12,1.22,autotomy,Intermediate,-0.336,-0.653,19.7,False,True,,post,1,64.9,544,188,64,29,41.8,83.5,36.0
GB063,M,12,1.22,autotomy,Intermediate,-0.336,-0.653,19.7,False,True,,post,2,51.5,507,136,54,35,28.4,91.9,88.0
GB063,M,12,1.22,autotomy,Intermediate,-0.336,-0.653,19.7,False,True,,post,3,62.7,424,144,64,49,36.9,145.0,44.4
GB064,F,18,1.33,autotomy,Intermediate,0.023,0.033,30.0,True,False,,pre,1,53.0,320,160,81,16,31.9,280.6,157.6
GB064,F,18,1.33,autotomy,Intermediate,0.023,0.033,30.0,True,False,,pre,2,60.2,137,147,77,12,24.1,268.5,181.8
GB064,F,18,1.33,autotomy,Intermediate,0.023,0.033,30.0,True,False,,pre,3,51.8,317,172,72,4,25.1,142.1,130.4
GB064,F,18,1.33,autotomy,Intermediate,0.023,0.033,30.0,True,False,,post,1,14.3,857,213,62,28,32.8,29.4,92.9
GB064,F,18,1.33,autotomy,Intermediate,0.023,0.033,30.0,True,False,,post,2,11.5,2000,228,49,31,22.5,14.1,68.0
GB064,F,18,1.33,autotomy,Intermediate,0.023,0.033,30.0,True,False,,post,3,27.8,2000,242,77,24,19.4,9.8,39.0
GB065,F,8,1.27,sham,Bold,1.783,1.861,,,,7.6,pre,1,5.1,2000,364,165,6,2.0,7.6,300.0
GB065,F,8,1.27,sham,Bold,1.783,1.861,,,,7.6,pre,2,5.7,2000,405,197,3,1.0,11.3,300.0
GB065,F,8,1.27,sham,Bold,1.783,1.861,,,,7.6,pre,3,8.9,2000,396,193,2,1.3,9.7,300.0
GB065,F,8,1.27,sham,Bold,1.783,1.861,,,,7.6,post,1,3.1,2000,405,192,2,2.2,3.6,300.0
GB065,F,8,1.27,sham,Bold,1.783,1.861,,,,7.6,post,2,3.4,2000,380,200,0,1.4,6.1,196.6
GB065,F,8,1.27,sham,Bold,1.783,1.861,,,,7.6,post,3,2.8,2000,342,193,1,3.1,4.3,295.7
GB066,M,16,0.91,autotomy,Bold,2.282,0.861,3.7,False,True,,pre,1,2.7,2000,479,192,5,2.1,3.5,300.0
GB066,M,16,0.91,autotomy,Bold,2.282,0.861,3.7,False,True,,pre,2,2.3,2000,458,182,5,1.9,6.2,300.0
GB066,M,16,0.91,autotomy,Bold,2.282,0.861,3.7,False,True,,pre,3,2.0,2000,473,223,9,1.0,4.1,300.0
GB066,M,16,0.91,autotomy,Bold,2.282,0.861,3.7,False,True,,post,1,37.4,641,258,144,1,4.6,14.0,197.3
GB066,M,16,0.91,autotomy,Bold,2.282,0.861,3.7,False,True,,post,2,78.2,454,321,125,1,6.4,25.8,175.0
GB066,M,16,0.91,autotomy,Bold,2.282,0.861,3.7,False,True,,post,3,33.6,520,294,122,5,15.2,18.7,300.0
GB067,M,19,1.27,sham,Bold,0.686,0.748,,,,11.4,pre,1,9.2,894,295,124,7,9.7,20.1,149.8
GB067,M,19,1.27,sham,Bold,0.686,0.748,,,,11.4,pre,2,6.0,2000,302,112,6,7.8,20.0,185.0
GB067,M,19,1.27,sham,Bold,0.686,0.748,,,,11.4,pre,3,8.2,1615,291,151,4,18.3,25.2,231.5
GB067,M,19,1.27,sham,Bold,0.686,0.748,,,,11.4,post,1,6.7,470,319,119,1,8.7,22.8,146.4
GB067,M,19,1.27,sham,Bold,0.686,0.748,,,,11.4,post,2,10.8,699,286,123,1,5.7,19.3,85.0
GB067,M,19,1.27,sham,Bold,0.686,0.748,,,,11.4,post,3,12.0,700,236,128,1,21.3,6.9,74.3
GB068,F,20,1.28,sham,Intermediate,-0.187,-0.01,,,,26.0,pre,1,44.6,397,212,62,7,28.6,59.9,43.3
GB068,F,20,1.28,sham,Intermediate,-0.187,-0.01,,,,26.0,pre,2,37.6,410,221,90,13,22.9,75.3,49.3
GB068,F,20,1.28,sham,Intermediate,-0.187,-0.01,,,,26.0,pre,3,38.7,369,181,57,14,17.5,87.1,34.8
GB068,F,20,1.28,sham,Intermediate,-0.187,-0.01,,,,26.0,post,1,85.8,263,154,92,7,10.6,24.7,106.9
GB068,F,20,1.28,sham,Intermediate,-0.187,-0.01,,,,26.0,post,2,124.0,343,171,81,5,11.4,23.3,83.2
GB068,F,20,1.28,sham,Intermediate,-0.187,-0.01,,,,26.0,post,3,114.2,516,164,96,7,7.4,29.4,122.8
GB069,M,15,1.09,sham,Shy,-0.475,-0.422,,,,26.0,pre,1,40.7,219,128,62,9,24.6,47.7,56.8
GB069,M,15,1.09,sham,Shy,-0.475,-0.422,,,,26.0,pre,2,38.0,247,92,56,6,16.8,61.9,114.2
GB069,M,15,1.09,sham,Shy,-0.475,-0.422,,,,26.0,pre,3,60.1,215,136,32,15,12.2,51.7,92.2
GB069,M,15,1.09,sham,Shy,-0.475,-0.422,,,,26.0,post,1,98.3,244,169,79,32,40.2,87.8,25.2
GB069,M,15,1.09,sham,Shy,-0.475,-0.422,,,,26.0,post,2,83.7,165,160,70,27,34.8,103.7,16.9
GB069,M,15,1.09,sham,Shy,-0.475,-0.422,,,,26.0,post,3,23.6,199,158,75,21,36.0,171.8,60.9
GB070,M,11,1.0,autotomy,Shy,-0.919,-1.233,30.0,True,False,,pre,1,364.5,232,84,31,20,30.4,107.4,47.5
GB070,M,11,1.0,autotomy,Shy,-0.919,-1.233,30.0,True,False,,pre,2,209.9,120,49,57,21,54.4,157.6,91.3
GB070,M,11,1.0,autotomy,Shy,-0.919,-1.233,30.0,True,False,,pre,3,294.4,123,107,58,15,91.6,122.4,166.9
GB070,M,11,1.0,autotomy,Shy,-0.919,-1.233,30.0,True,False,,post,1,168.3,328,10,0,45,101.5,170.6,21.2
GB070,M,11,1.0,autotomy,Shy,-0.919,-1.233,30.0,True,False,,post,2,153.6,181,10,23,21,82.8,111.3,16.4
GB070,M,11,1.0,autotomy,Shy,-0.919,-1.233,30.0,True,False,,post,3,452.6,272,10,25,50,94.3,295.0,13.4
GB071,M,12,1.01,autotomy,Shy,-0.725,-1.106,30.0,True,False,,pre,1,50.8,514,82,55,14,64.0,24.1,68.9
GB071,M,12,1.01,autotomy,Shy,-0.725,-1.106,30.0,True,False,,pre,2,65.1,609,83,39,8,43.1,64.3,43.2
GB071,M,12,1.01,autotomy,Shy,-0.725,-1.106,30.0,True,False,,pre,3,37.5,523,79,51,21,64.9,41.7,66.5
GB071,M,12,1.01,autotomy,Shy,-0.725,-1.106,30.0,True,False,,post,1,145.3,97,65,10,20,71.0,211.1,37.6
GB071,M,12,1.01,autotomy,Shy,-0.725,-1.106,30.0,True,False,,post,2,267.7,181,70,30,13,73.1,104.3,94.3
GB071,M,12,1.01,autotomy,Shy,-0.725,-1.106,30.0,True,False,,post,3,142.0,269,80,31,29,56.9,127.7,15.0
GB072,F,18,1.18,autotomy,Intermediate,-0.174,-0.274,30.0,True,False,,pre,1,50.3,1068,75,61,5,15.3,28.4,178.2
GB072,F,18,1.18,autotomy,Intermediate,-0.174,-0.274,30.0,True,False,,pre,2,19.0,1446,73,52,6,6.6,39.0,285.0
GB072,F,18,1.18,autotomy,Intermediate,-0.174,-0.274,30.0,True,False,,pre,3,111.4,1023,109,57,11,19.9,58.2,300.0
GB072,F,18,1.18,autotomy,Intermediate,-0.174,-0.274,30.0,True,False,,post,1,45.0,275,193,61,24,4.5,213.5,88.3
GB072,F,18,1.18,autotomy,Intermediate,-0.174,-0.274,30.0,True,False,,post,2,46.1,334,188,58,22,5.3,169.9,71.1
GB072,F,18,1.18,autotomy,Intermediate,-0.174,-0.274,30.0,True,False,,post,3,33.1,170,214,52,11,5.0,206.9,26.1
GB073,M,18,1.03,autotomy,Bold,1.864,0.855,2.0,False,True,,pre,1,1.1,1583,398,156,3,5.4,5.4,263.4
GB073,M,18,1.03,autotomy,Bold,1.864,0.855,2.0,False,True,,pre,2,1.0,1797,377,150,1,2.5,17.0,300.0
GB073,M,18,1.03,autotomy,Bold,1.864,0.855,2.0,False,True,,pre,3,1.0,1869,398,162,2,3.6,7.3,300.0
GB073,M,18,1.03,autotomy,Bold,1.864,0.855,2.0,False,True,,post,1,11.0,2000,294,122,3,8.2,11.1,72.7
GB073,M,18,1.03,autotomy,Bold,1.864,0.855,2.0,False,True,,post,2,13.5,1937,330,119,8,9.3,27.4,141.3
GB073,M,18,1.03,autotomy,Bold,1.864,0.855,2.0,False,True,,post,3,5.6,2000,288,101,2,4.7,25.0,80.3
GB074,F,18,1.06,sham,Intermediate,-0.097,-0.105,,,,10.2,pre,1,32.6,495,183,81,14,17.2,76.6,38.6
GB074,F,18,1.06,sham,Intermediate,-0.097,-0.105,,,,10.2,pre,2,42.1,452,205,66,3,18.4,42.1,37.1
GB074,F,18,1.06,sham,Intermediate,-0.097,-0.105,,,,10.2,pre,3,50.1,430,203,74,5,12.1,45.0,38.6
GB074,F,18,1.06,sham,Intermediate,-0.097,-0.105,,,,10.2,post,1,34.2,846,180,64,6,76.9,29.9,62.3
GB074,F,18,1.06,sham,Intermediate,-0.097,-0.105,,,,10.2,post,2,29.9,448,215,70,7,47.4,31.5,117.6
GB074,F,18,1.06,sham,Intermediate,-0.097,-0.105,,,,10.2,post,3,31.0,490,161,55,3,45.7,18.3,42.1
GB075,F,18,1.37,autotomy,Shy,-1.126,-1.58,30.0,True,False,,pre,1,355.1,245,132,4,43,97.9,161.2,109.3
GB075,F,18,1.37,autotomy,Shy,-1.126,-1.58,30.0,True,False,,pre,2,425.2,234,129,29,41,126.8,166.6,83.2
GB075,F,18,1.37,autotomy,Shy,-1.126,-1.58,30.0,True,False,,pre,3,336.8,648,159,29,26,95.1,122.4,123.1
GB075,F,18,1.37,autotomy,Shy,-1.126,-1.58,30.0,True,False,,post,1,291.0,120,15,5,37,56.7,295.0,8.7
GB075,F,18,1.37,autotomy,Shy,-1.126,-1.58,30.0,True,False,,post,2,137.0,80,21,0,44,61.9,295.0,12.3
GB075,F,18,1.37,autotomy,Shy,-1.126,-1.58,30.0,True,False,,post,3,113.7,84,10,5,64,59.6,295.0,19.2
GB076,F,10,1.34,autotomy,Intermediate,0.142,-0.315,30.0,True,False,,pre,1,18.0,438,247,74,5,22.5,24.4,234.4
GB076,F,10,1.34,autotomy,Intermediate,0.142,-0.315,30.0,True,False,,pre,2,21.0,1403,282,63,7,11.3,57.5,164.2
GB076,F,10,1.34,autotomy,Intermediate,0.142,-0.315,30.0,True,False,,pre,3,10.1,677,287,73,10,10.2,51.9,156.9
GB076,F,10,1.34,autotomy,Intermediate,0.142,-0.315,30.0,True,False,,post,1,143.0,935,234,26,29,86.1,32.7,37.5
GB076,F,10,1.34,autotomy,Intermediate,0.142,-0.315,30.0,True,False,,post,2,187.1,574,191,44,20,46.6,39.4,31.1
GB076,F,10,1.34,autotomy,Intermediate,0.142,-0.315,30.0,True,False,,post,3,71.5,1062,223,44,29,80.3,32.7,53.5
GB077,M,20,1.23,sham,Intermediate,0.078,0.376,,,,24.0,pre,1,130.2,224,183,91,30,7.0,25.0,25.4
GB077,M,20,1.23,sham,Intermediate,0.078,0.376,,,,24.0,pre,2,72.9,365,214,50,40,8.7,64.4,36.8
GB077,M,20,1.23,sham,Intermediate,0.078,0.376,,,,24.0,pre,3,115.9,291,198,72,24,11.2,72.5,48.7
GB077,M,20,1.23,sham,Intermediate,0.078,0.376,,,,24.0,post,1,6.0,714,195,110,15,13.8,22.6,153.3
GB077,M,20,1.23,sham,Intermediate,0.078,0.376,,,,24.0,post,2,10.3,695,160,137,7,7.4,16.1,93.1
GB077,M,20,1.23,sham,Intermediate,0.078,0.376,,,,24.0,post,3,7.0,464,167,114,8,5.2,54.0,76.0
GB078,M,20,1.09,sham,Intermediate,-0.064,0.025,,,,9.3,pre,1,21.3,506,220,60,7,23.6,26.3,43.0
GB078,M,20,1.09,sham,Intermediate,-0.064,0.025,,,,9.3,pre,2,45.2,251,218,81,15,51.9,17.2,103.2
GB078,M,20,1.09,sham,Intermediate,-0.064,0.025,,,,9.3,pre,3,35.8,315,157,68,2,12.3,23.6,52.3
GB078,M,20,1.09,sham,Intermediate,-0.064,0.025,,,,9.3,post,1,10.0,968,239,94,4,6.9,39.1,177.4
GB078,M,20,1.09,sham,Intermediate,-0.064,0.025,,,,9.3,post,2,9.3,776,182,104,8,12.1,20.2,103.6
GB078,M,20,1.09,sham,Intermediate,-0.064,0.025,,,,9.3,post,3,12.7,1009,209,110,4,6.4,33.6,65.4
GB079,F,17,1.57,autotomy,Bold,0.9,0.269,6.5,False,True,,pre,1,5.4,2000,282,129,5,3.7,7.8,59.3
GB079,F,17,1.57,autotomy,Bold,0.9,0.269,6.5,False,True,,pre,2,2.6,2000,266,114,8,3.5,14.1,67.4
GB079,F,17,1.57,autotomy,Bold,0.9,0.269,6.5,False,True,,pre,3,2.2,2000,253,147,8,4.6,10.3,69.0
GB079,F,17,1.57,autotomy,Bold,0.9,0.269,6.5,False,True,,post,1,5.5,597,174,58,7,17.4,27.2,108.7
GB079,F,17,1.57,autotomy,Bold,0.9,0.269,6.5,False,True,,post,2,7.7,556,158,55,6,19.2,82.1,165.2
GB079,F,17,1.57,autotomy,Bold,0.9,0.269,6.5,False,True,,post,3,10.1,1131,208,98,2,13.1,65.4,171.4
GB080,M,16,0.95,sham,Intermediate,-0.031,-0.021,,,,9.5,pre,1,26.5,585,175,80,11,8.9,24.5,144.0
GB080,M,16,0.95,sham,Intermediate,-0.031,-0.021,,,,9.5,pre,2,18.3,612,175,45,10,9.1,31.4,163.9
GB080,M,16,0.95,sham,Intermediate,-0.031,-0.021,,,,9.5,pre,3,36.6,348,188,75,11,10.6,30.0,99.5
GB080,M,16,0.95,sham,Intermediate,-0.031,-0.021,,,,9.5,post,1,30.4,1150,149,106,30,14.4,29.6,26.3
GB080,M,16,0.95,sham,Intermediate,-0.031,-0.021,,,,9.5,post,2,15.2,709,169,104,44,11.6,42.3,61.1
GB080,M,16,0.95,sham,Intermediate,-0.031,-0.021,,,,9.5,post,3,31.5,456,174,94,26,7.6,45.3,46.1
GB081,F,13,1.18,sham,Bold,0.869,1.001,,,,10.9,pre,1,15.2,1311,301,112,11,30.2,24.6,300.0
GB081,F,13,1.18,sham,Bold,0.869,1.001,,,,10.9,pre,2,16.1,861,330,110,9,8.7,23.3,181.9
GB081,F,13,1.18,sham,Bold,0.869,1.001,,,,10.9,pre,3,19.3,548,293,116,8,13.4,8.2,300.0
GB081,F,13,1.18,sham,Bold,0.869,1.001,,,,10.9,post,1,6.0,719,270,132,4,8.1,24.9,83.9
GB081,F,13,1.18,sham,Bold,0.869,1.001,,,,10.9,post,2,8.7,415,281,126,6,6.6,17.7,157.5
GB081,F,13,1.18,sham,Bold,0.869,1.001,,,,10.9,post,3,20.3,667,284,93,10,16.5,11.1,246.4
GB082,F,18,1.21,autotomy,Shy,-0.68,-0.94,29.5,False,True,,pre,1,341.0,98,154,34,6,19.3,50.5,101.0
GB082,F,18,1.21,autotomy,Shy,-0.68,-0.94,29.5,False,True,,pre,2,249.8,234,119,5,13,16.0,46.0,25.5
GB082,F,18,1.21,autotomy,Shy,-0.68,-0.94,29.5,False,True,,pre,3,110.7,288,173,13,24,31.0,62.5,33.4
GB082,F,18,1.21,autotomy,Shy,-0.68,-0.94,29.5,False,True,,post,1,83.2,498,155,56,41,23.9,268.5,29.7
GB082,F,18,1.21,autotomy,Shy,-0.68,-0.94,29.5,False,True,,post,2,113.0,453,139,33,34,45.0,167.0,40.3
GB082,F,18,1.21,autotomy,Shy,-0.68,-0.94,29.5,False,True,,post,3,199.9,651,79,66,31,39.8,164.1,53.2
GB083,F,15,1.26,autotomy,Bold,1.881,0.465,3.8,False,True,,pre,1,5.7,2000,351,147,0,1.0,6.3,232.8
GB083,F,15,1.26,autotomy,Bold,1.881,0.465,3.8,False,True,,pre,2,5.0,2000,367,185,0,2.0,17.6,133.2
GB083,F,15,1.26,autotomy,Bold,1.881,0.465,3.8,False,True,,pre,3,2.6,2000,360,196,0,1.8,10.6,119.2
GB083,F,15,1.26,autotomy,Bold,1.881,0.465,3.8,False,True,,post,1,10.4,695,240,135,11,23.8,35.1,300.0
GB083,F,15,1.26,autotomy,Bold,1.881,0.465,3.8,False,True,,post,2,14.6,332,252,116,9,14.1,11.1,215.2
GB083,F,15,1.26,autotomy,Bold,1.881,0.465,3.8,False,True,,post,3,11.5,329,230,104,11,21.0,43.0,146.4
GB084,F,13,1.13,sham,Intermediate,0.352,0.366,,,,21.3,pre,1,27.2,1766,225,85,5,6.9,12.1,100.3
GB084,F,13,1.13,sham,Intermediate,0.352,0.366,,,,21.3,pre,2,43.8,275,247,61,4,14.0,8.5,113.0
GB084,F,13,1.13,sham,Intermediate,0.352,0.366,,,,21.3,pre,3,54.1,654,244,78,4,7.5,19.2,50.4
GB084,F,13,1.13,sham,Intermediate,0.352,0.366,,,,21.3,post,1,23.6,636,265,100,3,10.5,12.8,70.3
GB084,F,13,1.13,sham,Intermediate,0.352,0.366,,,,21.3,post,2,19.5,498,238,109,3,11.3,28.0,34.4
GB084,F,13,1.13,sham,Intermediate,0.352,0.366,,,,21.3,post,3,9.5,700,275,74,2,13.3,38.6,57.7
GB085,F,20,1.26,sham,Bold,0.5,0.662,,,,15.6,pre,1,6.1,996,276,131,28,7.3,26.1,47.6
GB085,F,20,1.26,sham,Bold,0.5,0.662,,,,15.6,pre,2,10.0,621,288,113,13,6.8,33.3,119.3
GB085,F,20,1.26,sham,Bold,0.5,0.662,,,,15.6,pre,3,5.2,689,276,149,31,5.3,43.2,118.5
GB085,F,20,1.26,sham,Bold,0.5,0.662,,,,15.6,post,1,6.4,794,289,101,10,5.7,21.8,45.7
GB085,F,20,1.26,sham,Bold,0.5,0.662,,,,15.6,post,2,6.6,800,282,94,8,19.6,27.8,63.2
GB085,F,20,1.26,sham,Bold,0.5,0.662,,,,15.6,post,3,3.8,963,237,115,14,15.2,67.9,103.6
GB086,M,7,1.13,autotomy,Shy,-0.885,-1.19,30.0,True,False,,pre,1,56.6,190,90,27,67,46.4,62.7,14.9
GB086,M,7,1.13,autotomy,Shy,-0.885,-1.19,30.0,True,False,,pre,2,87.7,161,76,20,64,22.4,147.4,16.3
GB086,M,7,1.13,autotomy,Shy,-0.885,-1.19,30.0,True,False,,pre,3,69.5,195,93,20,44,32.0,140.4,22.4
GB086,M,7,1.13,autotomy,Shy,-0.885,-1.19,30.0,True,False,,post,1,65.2,478,47,0,29,54.2,234.5,54.3
GB086,M,7,1.13,autotomy,Shy,-0.885,-1.19,30.0,True,False,,post,2,132.3,626,29,3,21,68.1,276.3,26.9
GB086,M,7,1.13,autotomy,Shy,-0.885,-1.19,30.0,True,False,,post,3,110.3,645,68,18,10,96.3,149.1,22.4
GB087,M,7,0.94,sham,Intermediate,0.372,0.42,,,,6.7,pre,1,9.3,1075,249,50,6,8.4,28.0,54.1
GB087,M,7,0.94,sham,Intermediate,0.372,0.42,,,,6.7,pre,2,8.0,1331,253,52,8,7.5,29.9,108.3
GB087,M,7,0.94,sham,Intermediate,0.372,0.42,,,,6.7,pre,3,9.8,1371,193,53,18,9.0,38.9,30.5
GB087,M,7,0.94,sham,Intermediate,0.372,0.42,,,,6.7,post,1,21.2,744,243,101,4,15.0,28.7,178.4
GB087,M,7,0.94,sham,Intermediate,0.372,0.42,,,,6.7,post,2,11.3,748,263,86,13,19.9,14.2,300.0
GB087,M,7,0.94,sham,Intermediate,0.372,0.42,,,,6.7,post,3,33.3,641,241,108,3,20.8,21.8,123.9
GB088,M,15,0.85,autotomy,Bold,0.551,0.028,5.3,False,True,,pre,1,14.5,532,254,129,30,29.5,16.2,300.0
GB088,M,15,0.85,autotomy,Bold,0.551,0.028,5.3,False,True,,pre,2,11.7,502,237,108,24,16.0,12.3,156.5
GB088,M,15,0.85,autotomy,Bold,0.551,0.028,5.3,False,True,,pre,3,7.8,454,255,106,18,14.5,7.9,240.4
GB088,M,15,0.85,autotomy,Bold,0.551,0.028,5.3,False,True,,post,1,52.2,1286,159,118,25,27.5,47.7,64.4
GB088,M,15,0.85,autotomy,Bold,0.551,0.028,5.3,False,True,,post,2,55.0,1226,116,125,23,60.4,42.6,77.8
GB088,M,15,0.85,autotomy,Bold,0.551,0.028,5.3,False,True,,post,3,38.7,676,158,111,32,28.2,67.6,184.0
GB089,F,17,1.15,sham,Shy,-1.07,-1.112,,,,26.0,pre,1,227.2,410,123,27,46,150.0,141.6,5.2
GB089,F,17,1.15,sham,Shy,-1.07,-1.112,,,,26.0,pre,2,244.0,399,155,22,18,84.0,202.9,9.2
GB089,F,17,1.15,sham,Shy,-1.07,-1.112,,,,26.0,pre,3,222.1,410,204,0,26,131.3,175.5,9.6
GB089,F,17,1.15,sham,Shy,-1.07,-1.112,,,,26.0,post,1,56.4,347,86,0,31,61.5,74.8,41.2
GB089,F,17,1.15,sham,Shy,-1.07,-1.112,,,,26.0,post,2,85.0,211,50,0,9,72.4,102.4,52.2
GB089,F,17,1.15,sham,Shy,-1.07,-1.112,,,,26.0,post,3,51.9,387,99,0,17,69.0,111.9,43.4
GB090,M,20,1.4,autotomy,Shy,-1.759,-2.231,30.0,True,False,,pre,1,337.7,51,47,6,61,101.2,197.9,36.8
GB090,M,20,1.4,autotomy,Shy,-1.759,-2.231,30.0,True,False,,pre,2,242.6,59,45,0,58,49.8,192.9,14.5
GB090,M,20,1.4,autotomy,Shy,-1.759,-2.231,30.0,True,False,,pre,3,143.2,50,10,14,66,83.3,292.6,50.1
GB090,M,20,1.4,autotomy,Shy,-1.759,-2.231,30.0,True,False,,post,1,598.0,95,10,0,15,216.4,295.0,7.1
GB090,M,20,1.4,autotomy,Shy,-1.759,-2.231,30.0,True,False,,post,2,598.0,82,21,0,60,156.7,295.0,15.3
GB090,M,20,1.4,autotomy,Shy,-1.759,-2.231,30.0,True,False,,post,3,598.0,70,10,0,22,262.2,295.0,9.0
GB091,F,15,1.09,autotomy,Intermediate,0.394,-0.041,8.3,False,True,,pre,1,48.1,1259,191,82,5,25.9,24.1,163.8
GB091,F,15,1.09,autotomy,Intermediate,0.394,-0.041,8.3,False,True,,pre,2,36.5,1002,230,108,11,9.4,9.0,248.0
GB091,F,15,1.09,autotomy,Intermediate,0.394,-0.041,8.3,False,True,,pre,3,32.3,1253,178,123,12,13.4,8.3,162.4
GB091,F,15,1.09,autotomy,Intermediate,0.394,-0.041,8.3,False,True,,post,1,96.6,608,189,59,16,7.1,64.3,22.0
GB091,F,15,1.09,autotomy,Intermediate,0.394,-0.041,8.3,False,True,,post,2,58.6,685,179,53,38,7.9,26.9,71.9
GB091,F,15,1.09,autotomy,Intermediate,0.394,-0.041,8.3,False,True,,post,3,54.5,274,172,68,68,7.4,41.2,31.1
GB092,M,10,0.91,autotomy,Shy,-0.589,-0.965,30.0,True,False,,pre,1,39.9,957,173,32,57,38.1,271.6,59.1
GB092,M,10,0.91,autotomy,Shy,-0.589,-0.965,30.0,True,False,,pre,2,31.4,717,108,42,30,21.0,213.6,47.8
GB092,M,10,0.91,autotomy,Shy,-0.589,-0.965,30.0,True,False,,pre,3,37.4,336,171,37,22,30.8,265.2,40.6
GB092,M,10,0.91,autotomy,Shy,-0.589,-0.965,30.0,True,False,,post,1,246.4,304,64,26,14,195.8,136.6,43.5
GB092,M,10,0.91,autotomy,Shy,-0.589,-0.965,30.0,True,False,,post,2,194.5,180,50,12,17,91.5,65.6,136.7
GB092,M,10,0.91,autotomy,Shy,-0.589,-0.965,30.0,True,False,,post,3,226.1,189,75,18,6,106.0,107.2,51.7
GB093,F,19,0.86,autotomy,Intermediate,0.36,0.123,15.5,False,True,,pre,1,9.4,990,296,98,6,19.7,52.2,130.3
GB093,F,19,0.86,autotomy,Intermediate,0.36,0.123,15.5,False,True,,pre,2,10.7,1335,276,73,7,8.5,29.4,95.3
GB093,F,19,0.86,autotomy,Intermediate,0.36,0.123,15.5,False,True,,pre,3,12.0,872,279,76,11,9.0,46.9,72.3
GB093,F,19,0.86,autotomy,Intermediate,0.36,0.123,15.5,False,True,,post,1,29.7,790,236,67,3,30.6,29.1,241.8
GB093,F,19,0.86,autotomy,Intermediate,0.36,0.123,15.5,False,True,,post,2,35.7,1012,274,67,3,25.6,16.2,142.2
GB093,F,19,0.86,autotomy,Intermediate,0.36,0.123,15.5,False,True,,post,3,33.1,725,239,63,6,22.8,30.4,149.0
GB094,M,15,1.0,autotomy,Shy,-1.391,-1.881,30.0,True,False,,pre,1,176.0,130,146,10,35,188.3,295.0,24.1
GB094,M,15,1.0,autotomy,Shy,-1.391,-1.881,30.0,True,False,,pre,2,169.4,170,158,9,53,184.8,295.0,21.8
GB094,M,15,1.0,autotomy,Shy,-1.391,-1.881,30.0,True,False,,pre,3,112.6,225,140,19,70,157.0,171.8,52.5
GB094,M,15,1.0,autotomy,Shy,-1.391,-1.881,30.0,True,False,,post,1,598.0,120,79,0,44,185.7,295.0,35.9
GB094,M,15,1.0,autotomy,Shy,-1.391,-1.881,30.0,True,False,,post,2,598.0,234,105,0,75,115.1,295.0,29.4
GB094,M,15,1.0,autotomy,Shy,-1.391,-1.881,30.0,True,False,,post,3,515.9,105,86,0,66,192.0,295.0,40.7
GB095,F,9,1.33,sham,Shy,-1.461,-1.504,,,,26.0,pre,1,124.6,480,38,0,43,195.2,295.0,10.3
GB095,F,9,1.33,sham,Shy,-1.461,-1.504,,,,26.0,pre,2,155.6,247,33,0,63,158.8,225.6,7.8
GB095,F,9,1.33,sham,Shy,-1.461,-1.504,,,,26.0,pre,3,89.6,249,56,0,51,156.8,295.0,31.3
GB095,F,9,1.33,sham,Shy,-1.461,-1.504,,,,26.0,post,1,513.6,100,109,21,48,139.4,118.2,27.6
GB095,F,9,1.33,sham,Shy,-1.461,-1.504,,,,26.0,post,2,598.0,134,123,50,39,54.4,295.0,17.1
GB095,F,9,1.33,sham,Shy,-1.461,-1.504,,,,26.0,post,3,493.7,147,107,0,45,75.2,289.1,19.0
GB096,F,13,1.13,sham,Intermediate,0.307,0.481,,,,22.9,pre,1,14.9,2000,202,108,14,59.9,30.1,72.2
GB096,F,13,1.13,sham,Intermediate,0.307,0.481,,,,22.9,pre,2,62.6,1297,178,117,21,48.7,20.7,40.1
GB096,F,13,1.13,sham,Intermediate,0.307,0.481,,,,22.9,pre,3,73.6,2000,178,121,18,33.5,36.6,43.0
GB096,F,13,1.13,sham,Intermediate,0.307,0.481,,,,22.9,post,1,16.3,648,247,134,11,11.7,19.7,149.6
GB096,F,13,1.13,sham,Intermediate,0.307,0.481,,,,22.9,post,2,11.4,662,283,132,9,18.7,19.7,230.4
GB096,F,13,1.13,sham,Intermediate,0.307,0.481,,,,22.9,post,3,21.0,613,278,124,12,10.5,38.3,128.1
GB097,M,12,0.91,sham,Shy,-0.45,-0.429,,,,16.9,pre,1,30.3,510,145,44,55,8.7,30.7,96.0
GB097,M,12,0.91,sham,Shy,-0.45,-0.429,,,,16.9,pre,2,39.0,234,173,35,45,8.4,33.0,35.0
GB097,M,12,0.91,sham,Shy,-0.45,-0.429,,,,16.9,pre,3,59.6,346,152,37,48,16.0,21.7,34.6
GB097,M,12,0.91,sham,Shy,-0.45,-0.429,,,,16.9,post,1,61.2,292,151,64,16,24.0,139.1,83.2
GB097,M,12,0.91,sham,Shy,-0.45,-0.429,,,,16.9,post,2,79.0,299,152,24,27,42.6,271.9,79.7
GB097,M,12,0.91,sham,Shy,-0.45,-0.429,,,,16.9,post,3,20.7,446,173,56,11,72.5,119.7,55.2
GB098,M,14,1.02,sham,Shy,-2.211,-2.144,,,,26.0,pre,1,374.1,101,10,0,56,71.9,295.0,4.0
GB098,M,14,1.02,sham,Shy,-2.211,-2.144,,,,26.0,pre,2,187.8,92,10,0,50,107.8,295.0,7.0
GB098,M,14,1.02,sham,Shy,-2.211,-2.144,,,,26.0,pre,3,440.2,74,23,0,69,175.5,295.0,4.4
GB098,M,14,1.02,sham,Shy,-2.211,-2.144,,,,26.0,post,1,337.2,100,13,0,62,97.6,295.0,17.1
GB098,M,14,1.02,sham,Shy,-2.211,-2.144,,,,26.0,post,2,157.0,83,10,0,81,181.0,295.0,9.5
GB098,M,14,1.02,sham,Shy,-2.211,-2.144,,,,26.0,post,3,275.8,50,10,0,69,77.7,295.0,11.2
GB099,F,17,1.0,autotomy,Bold,1.443,0.404,10.6,False,True,,pre,1,5.6,1693,335,171,1,11.2,7.0,74.9
GB099,F,17,1.0,autotomy,Bold,1.443,0.404,10.6,False,True,,pre,2,8.3,1989,320,162,1,12.5,6.2,178.0
GB099,F,17,1.0,autotomy,Bold,1.443,0.404,10.6,False,True,,pre,3,9.3,1553,396,151,1,7.6,3.8,89.2
GB099,F,17,1.0,autotomy,Bold,1.443,0.404,10.6,False,True,,post,1,9.9,187,215,60,5,13.1,46.1,159.5
GB099,F,17,1.0,autotomy,Bold,1.443,0.404,10.6,False,True,,post,2,10.0,534,194,85,3,8.7,53.9,160.8
GB099,F,17,1.0,autotomy,Bold,1.443,0.404,10.6,False,True,,post,3,9.2,638,244,91,16,8.9,23.0,117.6
GB100,M,15,0.92,autotomy,Shy,-1.408,-1.693,30.0,True,False,,pre,1,104.5,182,57,4,59,41.4,218.0,15.1
GB100,M,15,0.92,autotomy,Shy,-1.408,-1.693,30.0,True,False,,pre,2,339.3,97,29,3,54,64.3,153.4,16.0
GB100,M,15,0.92,autotomy,Shy,-1.408,-1.693,30.0,True,False,,pre,3,184.2,213,23,24,60,26.2,165.3,27.1
GB100,M,15,0.92,autotomy,Shy,-1.408,-1.693,30.0,True,False,,post,1,186.4,172,88,0,54,64.8,263.6,6.5
GB100,M,15,0.92,autotomy,Shy,-1.408,-1.693,30.0,True,False,,post,2,108.6,207,126,0,53,81.0,255.3,22.3
GB100,M,15,0.92,autotomy,Shy,-1.408,-1.693,30.0,True,False,,post,3,170.0,387,169,0,55,47.3,193.8,12.6
GB101,M,20,0.83,sham,Bold,2.473,2.363,,,,1.5,pre,1,1.2,2000,408,226,1,4.3,2.0,300.0
GB101,M,20,0.83,sham,Bold,2.473,2.363,,,,1.5,pre,2,1.0,2000,380,228,0,5.3,1.8,300.0
GB101,M,20,0.83,sham,Bold,2.473,2.363,,,,1.5,pre,3,1.0,2000,416,202,1,3.4,1.3,300.0
GB101,M,20,0.83,sham,Bold,2.473,2.363,,,,1.5,post,1,1.0,2000,393,223,7,5.5,1.8,300.0
GB101,M,20,0.83,sham,Bold,2.473,2.363,,,,1.5,post,2,1.5,1580,393,233,1,3.5,2.2,300.0
GB101,M,20,0.83,sham,Bold,2.473,2.363,,,,1.5,post,3,1.4,1713,409,224,0,3.0,1.5,270.9
GB102,M,11,1.06,sham,Shy,-0.724,-0.838,,,,15.9,pre,1,29.1,244,131,48,56,29.8,118.9,29.2
GB102,M,11,1.06,sham,Shy,-0.724,-0.838,,,,15.9,pre,2,21.5,417,169,63,27,34.6,134.5,20.6
GB102,M,11,1.06,sham,Shy,-0.724,-0.838,,,,15.9,pre,3,42.0,292,147,45,39,56.2,107.8,21.7
GB102,M,11,1.06,sham,Shy,-0.724,-0.838,,,,15.9,post,1,131.9,182,174,48,28,30.0,200.7,20.6
GB102,M,11,1.06,sham,Shy,-0.724,-0.838,,,,15.9,post,2,117.1,315,173,7,26,54.3,174.5,38.1
GB102,M,11,1.06,sham,Shy,-0.724,-0.838,,,,15.9,post,3,72.1,143,175,37,17,51.9,194.5,44.2
GB103,M,7,1.26,sham,Intermediate,0.302,0.42,,,,9.9,pre,1,35.8,1957,207,101,8,15.3,119.3,66.0
GB103,M,7,1.26,sham,Intermediate,0.302,0.42,,,,9.9,pre,2,29.1,1361,246,122,12,12.7,86.9,99.1
GB103,M,7,1.26,sham,Intermediate,0.302,0.42,,,,9.9,pre,3,15.6,1844,223,121,10,19.7,43.3,64.5
GB103,M,7,1.26,sham,Intermediate,0.302,0.42,,,,9.9,post,1,10.5,479,307,95,0,19.0,50.4,244.5
GB103,M,7,1.26,sham,Intermediate,0.302,0.42,,,,9.9,post,2,8.8,330,279,94,1,51.3,49.2,145.8
GB103,M,7,1.26,sham,Intermediate,0.302,0.42,,,,9.9,post,3,10.2,1124,283,84,2,42.1,43.4,178.6
GB104,M,9,1.07,sham,Bold,1.547,1.513,,,,5.8,pre,1,1.4,2000,343,154,7,2.1,11.6,96.6
GB104,M,9,1.07,sham,Bold,1.547,1.513,,,,5.8,pre,2,2.4,1653,394,124,1,1.7,9.5,79.5
GB104,M,9,1.07,sham,Bold,1.547,1.513,,,,5.8,pre,3,2.3,2000,367,169,5,2.3,17.4,110.4
GB104,M,9,1.07,sham,Bold,1.547,1.513,,,,5.8,post,1,6.8,1485,357,132,0,7.8,23.0,300.0
GB104,M,9,1.07,sham,Bold,1.547,1.513,,,,5.8,post,2,7.1,1116,366,161,1,13.2,15.0,226.7
GB104,M,9,1.07,sham,Bold,1.547,1.513,,,,5.8,post,3,2.3,1299,346,150,12,22.9,39.5,300.0
GB105,F,16,1.09,autotomy,Bold,1.579,0.546,3.5,False,True,,pre,1,25.9,2000,386,166,4,3.2,5.7,300.0
GB105,F,16,1.09,autotomy,Bold,1.579,0.546,3.5,False,True,,pre,2,8.8,1357,361,158,3,3.1,6.4,300.0
GB105,F,16,1.09,autotomy,Bold,1.579,0.546,3.5,False,True,,pre,3,14.2,1156,329,143,4,3.7,8.4,300.0
GB105,F,16,1.09,autotomy,Bold,1.579,0.546,3.5,False,True,,post,1,13.9,806,232,123,11,6.1,69.3,135.0
GB105,F,16,1.09,autotomy,Bold,1.579,0.546,3.5,False,True,,post,2,15.4,964,178,144,2,4.4,35.1,298.4
GB105,F,16,1.09,autotomy,Bold,1.579,0.546,3.5,False,True,,post,3,23.6,2000,221,120,3,6.2,40.3,117.2
GB106,F,18,0.94,autotomy,Bold,2.086,0.776,2.6,False,True,,pre,1,1.6,567,394,175,4,7.2,4.4,300.0
GB106,F,18,0.94,autotomy,Bold,2.086,0.776,2.6,False,True,,pre,2,2.5,1403,423,145,0,4.4,3.2,300.0
GB106,F,18,0.94,autotomy,Bold,2.086,0.776,2.6,False,True,,pre,3,1.4,1044,424,155,1,3.7,8.2,300.0
GB106,F,18,0.94,autotomy,Bold,2.086,0.776,2.6,False,True,,post,1,5.6,697,246,108,1,9.0,19.8,269.3
GB106,F,18,0.94,autotomy,Bold,2.086,0.776,2.6,False,True,,post,2,6.8,602,275,82,2,9.0,13.0,235.5
GB106,F,18,0.94,autotomy,Bold,2.086,0.776,2.6,False,True,,post,3,10.2,495,262,98,8,11.7,33.8,205.2
GB107,F,14,1.27,sham,Shy,-1.423,-1.585,,,,26.0,pre,1,198.9,80,65,0,20,106.4,31.8,18.7
GB107,F,14,1.27,sham,Shy,-1.423,-1.585,,,,26.0,pre,2,379.8,115,46,0,48,97.5,33.2,34.8
GB107,F,14,1.27,sham,Shy,-1.423,-1.585,,,,26.0,pre,3,331.8,70,53,0,33,94.1,28.9,10.9
GB107,F,14,1.27,sham,Shy,-1.423,-1.585,,,,26.0,post,1,221.3,288,60,1,15,56.1,205.0,14.7
GB107,F,14,1.27,sham,Shy,-1.423,-1.585,,,,26.0,post,2,193.7,204,60,0,13,57.0,295.0,9.3
GB107,F,14,1.27,sham,Shy,-1.423,-1.585,,,,26.0,post,3,331.0,194,49,0,27,89.2,295.0,26.4
GB108,F,21,0.98,autotomy,Shy,-1.036,-1.466,30.0,True,False,,pre,1,117.0,242,183,50,39,37.5,50.9,32.7
GB108,F,21,0.98,autotomy,Shy,-1.036,-1.466,30.0,True,False,,pre,2,98.3,243,178,60,59,16.6,121.7,33.2
GB108,F,21,0.98,autotomy,Shy,-1.036,-1.466,30.0,True,False,,pre,3,78.5,184,156,69,59,43.6,105.5,27.0
GB108,F,21,0.98,autotomy,Shy,-1.036,-1.466,30.0,True,False,,post,1,75.5,432,127,15,50,126.6,222.3,13.8
GB108,F,21,0.98,autotomy,Shy,-1.036,-1.466,30.0,True,False,,post,2,76.2,320,91,19,60,142.2,165.6,38.9
GB108,F,21,0.98,autotomy,Shy,-1.036,-1.466,30.0,True,False,,post,3,114.8,350,76,3,54,43.3,90.2,11.6
GB109,F,17,1.01,autotomy,Intermediate,0.326,-0.267,24.6,False,True,,pre,1,10.9,239,210,95,6,25.8,11.1,83.8
GB109,F,17,1.01,autotomy,Intermediate,0.326,-0.267,24.6,False,True,,pre,2,12.2,497,213,72,16,21.8,11.6,74.9
GB109,F,17,1.01,autotomy,Intermediate,0.326,-0.267,24.6,False,True,,pre,3,7.6,392,222,55,13,13.7,16.6,86.7
GB109,F,17,1.01,autotomy,Intermediate,0.326,-0.267,24.6,False,True,,post,1,30.4,433,149,58,35,54.6,45.5,117.0
GB109,F,17,1.01,autotomy,Intermediate,0.326,-0.267,24.6,False,True,,post,2,50.3,436,161,64,47,22.8,104.1,96.2
GB109,F,17,1.01,autotomy,Intermediate,0.326,-0.267,24.6,False,True,,post,3,50.0,314,170,39,27,39.7,33.6,207.8
GB110,F,12,1.25,sham,Bold,0.94,0.996,,,,12.8,pre,1,19.1,1178,318,122,7,11.0,17.5,69.9
GB110,F,12,1.25,sham,Bold,0.94,0.996,,,,12.8,pre,2,16.8,2000,281,128,3,7.9,29.7,237.4
GB110,F,12,1.25,sham,Bold,0.94,0.996,,,,12.8,pre,3,7.2,1929,319,124,10,4.0,17.4,95.0
GB110,F,12,1.25,sham,Bold,0.94,0.996,,,,12.8,post,1,4.4,1084,240,111,4,6.6,17.4,300.0
GB110,F,12,1.25,sham,Bold,0.94,0.996,,,,12.8,post,2,5.9,645,258,103,3,5.1,15.7,300.0
GB110,F,12,1.25,sham,Bold,0.94,0.996,,,,12.8,post,3,4.0,1277,271,80,3,2.6,14.9,300.0
GB111,F,14,1.16,sham,Intermediate,0.089,-0.02,,,,26.0,pre,1,52.5,258,162,85,9,24.7,53.3,100.7
GB111,F,14,1.16,sham,Intermediate,0.089,-0.02,,,,26.0,pre,2,25.8,314,174,87,15,35.3,35.1,149.5
GB111,F,14,1.16,sham,Intermediate,0.089,-0.02,,,,26.0,pre,3,64.6,301,171,76,21,22.1,45.9,47.1
GB111,F,14,1.16,sham,Intermediate,0.089,-0.02,,,,26.0,post,1,29.9,1104,247,48,16,10.9,22.2,57.6
GB111,F,14,1.16,sham,Intermediate,0.089,-0.02,,,,26.0,post,2,31.6,635,240,68,3,9.9,55.9,128.6
GB111,F,14,1.16,sham,Intermediate,0.089,-0.02,,,,26.0,post,3,11.4,939,209,77,13,13.9,39.2,70.3
GB112,F,15,1.08,sham,Shy,-1.538,-1.475,,,,26.0,pre,1,160.3,235,10,5,36,78.7,113.5,34.4
GB112,F,15,1.08,sham,Shy,-1.538,-1.475,,,,26.0,pre,2,127.7,143,63,7,62,85.3,278.0,19.1
GB112,F,15,1.08,sham,Shy,-1.538,-1.475,,,,26.0,pre,3,206.8,199,51,8,61,70.0,146.0,10.5
GB112,F,15,1.08,sham,Shy,-1.538,-1.475,,,,26.0,post,1,176.5,480,66,0,30,55.8,61.1,10.4
GB112,F,15,1.08,sham,Shy,-1.538,-1.475,,,,26.0,post,2,126.1,363,62,2,27,139.8,153.3,9.7
GB112,F,15,1.08,sham,Shy,-1.538,-1.475,,,,26.0,post,3,125.8,343,65,0,35,130.3,191.1,19.6
GB113,M,10,1.16,sham,Intermediate,0.397,0.488,,,,7.2,pre,1,16.5,710,191,110,8,18.9,44.9,60.0
GB113,M,10,1.16,sham,Intermediate,0.397,0.488,,,,7.2,pre,2,14.3,699,229,105,18,10.0,38.0,126.8
GB113,M,10,1.16,sham,Intermediate,0.397,0.488,,,,7.2,pre,3,18.7,1184,246,84,20,6.8,68.4,57.9
GB113,M,10,1.16,sham,Intermediate,0.397,0.488,,,,7.2,post,1,7.7,620,148,105,12,10.6,43.8,121.5
GB113,M,10,1.16,sham,Intermediate,0.397,0.488,,,,7.2,post,2,17.4,516,170,98,20,13.6,45.5,163.9
GB113,M,10,1.16,sham,Intermediate,0.397,0.488,,,,7.2,post,3,7.5,364,165,93,16,7.3,22.9,151.9
GB114,F,7,1.12,sham,Intermediate,-0.094,-0.165,,,,21.0,pre,1,79.5,622,229,87,58,10.6,33.0,47.0
GB114,F,7,1.12,sham,Intermediate,-0.094,-0.165,,,,21.0,pre,2,49.7,498,259,116,63,21.4,38.9,40.7
GB114,F,7,1.12,sham,Intermediate,-0.094,-0.165,,,,21.0,pre,3,45.3,631,267,82,32,16.1,53.0,64.8
GB114,F,7,1.12,sham,Intermediate,-0.094,-0.165,,,,21.0,post,1,55.4,198,162,45,15,20.6,44.5,159.7
GB114,F,7,1.12,sham,Intermediate,-0.094,-0.165,,,,21.0,post,2,87.5,309,185,65,1,15.8,70.7,89.5
GB114,F,7,1.12,sham,Intermediate,-0.094,-0.165,,,,21.0,post,3,33.0,347,183,62,8,15.0,40.8,193.2
GB115,F,20,1.44,sham,Intermediate,-0.106,0.11,,,,26.0,pre,1,56.6,401,179,64,24,13.5,75.7,40.0
GB115,F,20,1.44,sham,Intermediate,-0.106,0.11,,,,26.0,pre,2,62.8,633,149,57,7,8.5,104.9,101.0
GB115,F,20,1.44,sham,Intermediate,-0.106,0.11,,,,26.0,pre,3,56.1,312,188,48,14,9.5,35.9,56.2
GB115,F,20,1.44,sham,Intermediate,-0.106,0.11,,,,26.0,post,1,47.6,568,252,103,12,10.9,38.2,69.1
GB115,F,20,1.44,sham,Intermediate,-0.106,0.11,,,,26.0,post,2,60.0,486,216,79,6,9.7,35.5,82.7
GB115,F,20,1.44,sham,Intermediate,-0.106,0.11,,,,26.0,post,3,50.5,809,188,100,3,13.8,30.9,26.3
GB116,F,7,1.09,autotomy,Shy,-2.178,-2.39,30.0,True,False,,pre,1,472.8,69,10,0,56,167.1,295.0,10.2
GB116,F,7,1.09,autotomy,Shy,-2.178,-2.39,30.0,True,False,,pre,2,371.7,100,17,0,56,108.2,295.0,10.1
GB116,F,7,1.09,autotomy,Shy,-2.178,-2.39,30.0,True,False,,pre,3,560.5,81,10,0,57,182.8,295.0,8.3
GB116,F,7,1.09,autotomy,Shy,-2.178,-2.39,30.0,True,False,,post,1,598.0,120,10,0,61,103.0,295.0,2.3
GB116,F,7,1.09,autotomy,Shy,-2.178,-2.39,30.0,True,False,,post,2,598.0,73,10,0,66,119.1,295.0,3.1
GB116,F,7,1.09,autotomy,Shy,-2.178,-2.39,30.0,True,False,,post,3,598.0,88,10,0,61,181.3,171.6,6.9
GB117,M,16,1.04,autotomy,Bold,0.697,0.067,6.0,False,True,,pre,1,12.8,1320,300,85,3,4.1,23.6,300.0
GB117,M,16,1.04,autotomy,Bold,0.697,0.067,6.0,False,True,,pre,2,7.4,1015,270,62,6,5.7,24.9,209.4
GB117,M,16,1.04,autotomy,Bold,0.697,0.067,6.0,False,True,,pre,3,18.2,1178,278,98,3,6.2,37.4,225.6
GB117,M,16,1.04,autotomy,Bold,0.697,0.067,6.0,False,True,,post,1,13.2,734,213,62,18,8.3,29.1,58.8
GB117,M,16,1.04,autotomy,Bold,0.697,0.067,6.0,False,True,,post,2,10.8,1029,190,89,11,8.2,42.9,78.0
GB117,M,16,1.04,autotomy,Bold,0.697,0.067,6.0,False,True,,post,3,17.2,1060,211,99,6,28.9,68.1,64.5
GB118,F,10,1.12,sham,Intermediate,0.245,0.077,,,,11.6,pre,1,24.5,1235,216,107,13,15.6,19.9,54.1
GB118,F,10,1.12,sham,Intermediate,0.245,0.077,,,,11.6,pre,2,33.7,1137,208,118,8,11.4,16.4,31.6
GB118,F,10,1.12,sham,Intermediate,0.245,0.077,,,,11.6,pre,3,41.5,988,258,94,15,13.8,15.0,76.9
GB118,F,10,1.12,sham,Intermediate,0.245,0.077,,,,11.6,post,1,36.1,535,216,65,15,28.2,88.1,131.0
GB118,F,10,1.12,sham,Intermediate,0.245,0.077,,,,11.6,post,2,21.4,396,239,61,12,13.2,115.5,100.2
GB118,F,10,1.12,sham,Intermediate,0.245,0.077,,,,11.6,post,3,20.0,1055,280,83,4,8.6,65.1,72.7
GB119,M,18,1.19,sham,Bold,1.695,1.829,,,,2.1,pre,1,4.3,1812,330,180,5,2.6,4.4,207.4
GB119,M,18,1.19,sham,Bold,1.695,1.829,,,,2.1,pre,2,3.3,2000,334,161,3,5.9,2.7,174.9
GB119,M,18,1.19,sham,Bold,1.695,1.829,,,,2.1,pre,3,4.1,2000,335,173,8,6.5,2.8,214.1
GB119,M,18,1.19,sham,Bold,1.695,1.829,,,,2.1,post,1,3.6,2000,396,153,1,3.6,10.4,129.9
GB119,M,18,1.19,sham,Bold,1.695,1.829,,,,2.1,post,2,4.2,2000,389,134,1,3.0,4.9,134.6
GB119,M,18,1.19,sham,Bold,1.695,1.829,,,,2.1,post,3,3.8,1992,396,127,0,9.1,10.5,300.0
GB120,F,20,1.26,autotomy,Intermediate,0.025,-0.203,30.0,True,False,,pre,1,32.5,185,160,79,2,9.9,37.1,73.6
GB120,F,20,1.26,autotomy,Intermediate,0.025,-0.203,30.0,True,False,,pre,2,35.3,250,131,54,6,17.3,104.6,99.8
GB120,F,20,1.26,autotomy,Intermediate,0.025,-0.203,30.0,True,False,,pre,3,31.8,397,153,73,4,11.3,42.6,104.3
GB120,F,20,1.26,autotomy,Intermediate,0.025,-0.203,30.0,True,False,,post,1,36.1,1372,114,48,27,44.1,42.5,31.4
GB120,F,20,1.26,autotomy,Intermediate,0.025,-0.203,30.0,True,False,,post,2,40.5,1055,109,52,12,32.0,90.2,58.8
GB120,F,20,1.26,autotomy,Intermediate,0.025,-0.203,30.0,True,False,,post,3,23.2,987,162,65,39,42.4,49.5,47.9
