"ind","pop","group","gear","date","lat","lon","depth","TL","SL","WW","sex","maturity"
"SO_02","SO","West_Antarctic","trammel","03/2006",-60.7008,-45.5771,,,,,,
"SO_04","SO","West_Antarctic","trammel","03/2006",-60.7008,-45.5771,,,,,,
"SO_05","SO","West_Antarctic","trammel","03/2006",-60.7008,-45.5771,,,,,,
"SO_08","SO","West_Antarctic","trammel","03/2006",-60.7008,-45.5771,,,,,,
"SO_10","SO","West_Antarctic","trammel","03/2006",-60.7008,-45.5771,,,,,,
"SO_33","SO","West_Antarctic","trammel","03/2006",-60.7008,-45.5771,,,,,,
"SO_34","SO","West_Antarctic","trammel","03/2006",-60.7008,-45.5771,,,,,,
"SO_35","SO","West_Antarctic","trammel","03/2006",-60.7008,-45.5771,,,,,,
"SO_36","SO","West_Antarctic","trammel","03/2006",-60.7008,-45.5771,,,,,,
"SO_38","SO","West_Antarctic","trammel","03/2006",-60.7008,-45.5771,,,,,,
"SO_39","SO","West_Antarctic","trammel","03/2006",-60.7008,-45.5771,,,,,,
"SO_40","SO","West_Antarctic","trammel","03/2006",-60.7008,-45.5771,,,,,,
"SO_41","SO","West_Antarctic","trammel","03/2006",-60.7008,-45.5771,,,,,,
"SO_42","SO","West_Antarctic","trammel","03/2006",-60.7008,-45.5771,,,,,,
"SO_43","SO","West_Antarctic","trammel","03/2006",-60.7008,-45.5771,,,,,,
"SO_44","SO","West_Antarctic","trammel","03/2006",-60.7008,-45.5771,,,,,,
"EI_05","EI","West_Antarctic","otter trawl","03/2006",-61.2416,-55.6183,,,,,,
"EI_06","EI","West_Antarctic","otter trawl","03/2006",-61.2416,-55.6183,,,,,,
"EI_07","EI","West_Antarctic","otter trawl","03/2006",-61.2416,-55.6183,,,,,,
"EI_08","EI","West_Antarctic","otter trawl","03/2006",-61.2416,-55.6183,,,,,,
"EI_09","EI","West_Antarctic","otter trawl","03/2006",-61.2416,-55.6183,,,,,,
"EI_10","EI","West_Antarctic","otter trawl","03/2006",-61.2416,-55.6183,,,,,,
"EI_11","EI","West_Antarctic","otter trawl","03/2006",-61.2416,-55.6183,,,,,,
"EI_12","EI","West_Antarctic","otter trawl","03/2006",-61.2416,-55.6183,,,,,,
"EI_13","EI","West_Antarctic","otter trawl","03/2006",-61.2416,-55.6183,,,,,,
"EI_14","EI","West_Antarctic","otter trawl","03/2006",-61.2416,-55.6183,,,,,,
"EI_15","EI","West_Antarctic","otter trawl","03/2006",-61.2416,-55.6183,,,,,,
"EI_16","EI","West_Antarctic","otter trawl","03/2006",-61.2416,-55.6183,,,,,,
"EI_17","EI","West_Antarctic","otter trawl","03/2006",-61.2416,-55.6183,,,,,,
"EI_18","EI","West_Antarctic","otter trawl","03/2006",-61.2416,-55.6183,,,,,,
"EI_19","EI","West_Antarctic","otter trawl","03/2006",-61.2416,-55.6183,,,,,,
"EI_20","EI","West_Antarctic","otter trawl","03/2006",-61.2416,-55.6183,,,,,,
"EI_21","EI","West_Antarctic","otter trawl","03/2006",-61.2416,-55.6183,,,,,,
"EI_22","EI","West_Antarctic","otter trawl","03/2006",-61.2416,-55.6183,,,,,,
"EI_23","EI","West_Antarctic","otter trawl","03/2006",-61.2416,-55.6183,,,,,,
"EI_29","EI","West_Antarctic","otter trawl","03/2006",-61.2416,-55.6183,,,,,,
"PKGI_01","PKGI","West_Antarctic","trammel","03/2006",-62.2319,-58.6777,,,,,,
"PKGI_02","PKGI","West_Antarctic","trammel","03/2006",-62.2319,-58.6777,,,,,,
"PKGI_05","PKGI","West_Antarctic","trammel","03/2006",-62.2319,-58.6777,,,,,,
"PKGI_06","PKGI","West_Antarctic","trammel","03/2006",-62.2319,-58.6777,,,,,,
"PKGI_07","PKGI","West_Antarctic","trammel","03/2006",-62.2319,-58.6777,,,,,,
"PKGI_08","PKGI","West_Antarctic","trammel","03/2006",-62.2319,-58.6777,,,,,,
"PKGI_09","PKGI","West_Antarctic","trammel","03/2006",-62.2319,-58.6777,,,,,,
"PKGI_10","PKGI","West_Antarctic","trammel","03/2006",-62.2319,-58.6777,,,,,,
"PKGI_11","PKGI","West_Antarctic","trammel","03/2006",-62.2319,-58.6777,,,,,,
"PKGI_13","PKGI","West_Antarctic","trammel","03/2006",-62.2319,-58.6777,,,,,,
"PKGI_14","PKGI","West_Antarctic","trammel","03/2006",-62.2319,-58.6777,,,,,,
"PKGI_15","PKGI","West_Antarctic","trammel","03/2006",-62.2319,-58.6777,,,,,,
"PKGI_16","PKGI","West_Antarctic","trammel","03/2006",-62.2319,-58.6777,,,,,,
"PKGI_18","PKGI","West_Antarctic","trammel","03/2006",-62.2319,-58.6777,,,,,,
"PKGI_19","PKGI","West_Antarctic","trammel","03/2006",-62.2319,-58.6777,,,,,,
"PKGI_20","PKGI","West_Antarctic","trammel","03/2006",-62.2319,-58.6777,,,,,,
"PKGI_24","PKGI","West_Antarctic","trammel","03/2006",-62.2319,-58.6777,,,,,,
"PKGI_27","PKGI","West_Antarctic","trammel","03/2006",-62.2319,-58.6777,,,,,,
"PKGI_34","PKGI","West_Antarctic","trammel","03/2006",-62.2319,-58.6777,,,,,,
"PKGI_36","PKGI","West_Antarctic","trammel","03/2006",-62.2319,-58.6777,,,,,,
"PKGI_37","PKGI","West_Antarctic","trammel","03/2006",-62.2319,-58.6777,,,,,,
"PKGI_38","PKGI","West_Antarctic","trammel","03/2006",-62.2319,-58.6777,,,,,,
"PKGI_40","PKGI","West_Antarctic","trammel","03/2006",-62.2319,-58.6777,,,,,,
"PKGI_43","PKGI","West_Antarctic","trammel","03/2006",-62.2319,-58.6777,,,,,,
"PKGI_45","PKGI","West_Antarctic","trammel","03/2006",-62.2319,-58.6777,,,,,,
"PKGI_47","PKGI","West_Antarctic","trammel","03/2006",-62.2319,-58.6777,,,,,,
"NKGI_74","NKGI","West_Antarctic","otter trawl","03/2006",-61.9716,-57.2436,,,,,,
"NKGI_75","NKGI","West_Antarctic","otter trawl","03/2006",-61.9716,-57.2436,,,,,,
"NKGI_76","NKGI","West_Antarctic","otter trawl","03/2006",-61.9716,-57.2436,,,,,,
"NKGI_77","NKGI","West_Antarctic","otter trawl","03/2006",-61.9716,-57.2436,,,,,,
"NKGI_78","NKGI","West_Antarctic","otter trawl","03/2006",-61.9716,-57.2436,,,,,,
"NKGI_79","NKGI","West_Antarctic","otter trawl","03/2006",-61.9716,-57.2436,,,,,,
"DI_01","DI","West_Antarctic","trammel","03/2006",-62.9494,-60.6523,,371,326,892,"F",2
"DI_02","DI","West_Antarctic","trammel","03/2006",-62.9494,-60.6523,,373,325,802,"F",3
"DI_03","DI","West_Antarctic","trammel","03/2006",-62.9494,-60.6523,,408,360,966,"F",3
"DI_04","DI","West_Antarctic","trammel","03/2006",-62.9494,-60.6523,,339,298,564,"M",3
"DI_05","DI","West_Antarctic","trammel","03/2006",-62.9494,-60.6523,,323,279,499,"M",3
"DI_437","DI","West_Antarctic","trammel","03/2006",-62.9738,-60.6088,,309,,419,,
"DI_439","DI","West_Antarctic","trammel","03/2006",-62.9738,-60.6088,,,,,,
"DI_440","DI","West_Antarctic","trammel","03/2006",-62.9738,-60.6088,,,,,,
"DI_441","DI","West_Antarctic","trammel","03/2006",-62.9738,-60.6088,,,,,,
"DI_443","DI","West_Antarctic","trammel","03/2006",-62.9738,-60.6088,,309,,424,,
"DI_444","DI","West_Antarctic","trammel","03/2006",-62.9738,-60.6088,,,,,,
"DI_445","DI","West_Antarctic","trammel","03/2006",-62.9738,-60.6088,,,,,,
"DI_447","DI","West_Antarctic","trammel","03/2006",-62.9738,-60.6088,,,,,,
"DI_448","DI","West_Antarctic","trammel","03/2006",-62.9738,-60.6088,,293,,364,,
"DI_449","DI","West_Antarctic","trammel","03/2006",-62.9738,-60.6088,,298,,451,,
"DI_450","DI","West_Antarctic","trammel","03/2006",-62.9738,-60.6088,,325,,362,,
"DI_452","DI","West_Antarctic","trammel","03/2006",-62.9738,-60.6088,,282,,353,,
"DI_453","DI","West_Antarctic","trammel","03/2006",-62.9738,-60.6088,,284,,350,,
"NTA_001","NTA","East_Antarctic",,,-66.656683,140.0178333,,,,,,
"NTA_002","NTA","East_Antarctic",,,-66.656683,140.0178333,,,,,,
"NTA_003","NTA","East_Antarctic",,,-66.656683,140.0178333,,,,,,
"NTA_004","NTA","East_Antarctic",,,-66.656683,140.0178333,,,,,,
"NTA_005","NTA","East_Antarctic",,,-66.656683,140.0178333,,,,,,
"NTA_006","NTA","East_Antarctic",,,-66.656683,140.0178333,,,,,,
"NTA_007","NTA","East_Antarctic",,,-66.656683,140.0178333,,,,,,
"NTA_008","NTA","East_Antarctic",,,-66.656683,140.0178333,,,,,,
"NTA_009","NTA","East_Antarctic",,,-66.656683,140.0178333,,,,,,
"NTA_010","NTA","East_Antarctic",,,-66.656683,140.0178333,,,,,,
"STA_019","STA","East_Antarctic",,,-66.66762,139.99564,,,,,,
"STA_020","STA","East_Antarctic",,,-66.66762,139.99564,,,,,,
"STA_021","STA","East_Antarctic",,,-66.66762,139.99564,,,,,,
"STA_022","STA","East_Antarctic",,,-66.66762,139.99564,,,,,,
"STA_023","STA","East_Antarctic",,,-66.66762,139.99564,,,,,,
"STA_025","STA","East_Antarctic",,,-66.66762,139.99564,,,,,,
"STA_026","STA","East_Antarctic",,,-66.66762,139.99564,,,,,,
"STA_027","STA","East_Antarctic",,,-66.66762,139.99564,,,,,,
"STA_029","STA","East_Antarctic",,,-66.66762,139.99564,,,,,,
"STA_340","STA","East_Antarctic",,,-66.6685,139.999867,,,,,,
"STA_341","STA","East_Antarctic",,,-66.6685,139.999867,,,,,,
"STA_342","STA","East_Antarctic",,,-66.6685,139.999867,,,,,,
"STA_365","STA","East_Antarctic",,,-66.662166,139.987933,,,,,,
"STA_366","STA","East_Antarctic",,,-66.662166,139.987933,,,,,,
"STA_367","STA","East_Antarctic",,,-66.662166,139.987933,,,,,,
"STA_380","STA","East_Antarctic",,,-66.65955,139.9873167,,,,,,
"STA_381","STA","East_Antarctic",,,-66.66715,139.99825,,,,,,
"STA_382","STA","East_Antarctic",,,-66.66715,139.99825,,,,,,
"STA_383","STA","East_Antarctic",,,-66.66715,139.99825,,,,,,
