SO_01	SO
SO_02	SO
SO_03	SO
SO_04	SO
SO_05	SO
SO_07	SO
SO_08	SO
SO_09	SO
SO_10	SO
SO_33	SO
SO_34	SO
SO_35	SO
SO_36	SO
SO_38	SO
SO_39	SO
SO_40	SO
SO_41	SO
SO_42	SO
SO_43	SO
SO_44	SO
PKGI_01	PKGI
PKGI_02	PKGI
PKGI_11	PKGI
PKGI_13	PKGI
PKGI_14	PKGI
PKGI_15	PKGI
PKGI_16	PKGI
PKGI_18	PKGI
PKGI_19	PKGI
PKGI_20	PKGI
PKGI_24	PKGI
PKGI_27	PKGI
PKGI_34	PKGI
PKGI_36	PKGI
PKGI_37	PKGI
PKGI_38	PKGI
PKGI_40	PKGI
PKGI_43	PKGI
PKGI_45	PKGI
PKGI_47	PKGI
NKGI_74	NKGI
NKGI_75	NKGI
NKGI_76	NKGI
NKGI_77	NKGI
NKGI_78	NKGI
NKGI_79	NKGI
EI_05	EI
EI_06	EI
EI_07	EI
EI_08	EI
EI_09	EI
EI_10	EI
EI_11	EI
EI_12	EI
EI_13	EI
EI_14	EI
EI_15	EI
EI_16	EI
EI_17	EI
EI_18	EI
EI_19	EI
EI_20	EI
EI_21	EI
EI_22	EI
EI_23	EI
EI_29	EI
DI_01	DI
DI_02	DI
DI_03	DI
DI_04	DI
DI_05	DI
DI_437	DI
DI_438	DI
DI_439	DI
DI_440	DI
DI_441	DI
DI_443	DI
DI_444	DI
DI_445	DI
DI_446	DI
DI_447	DI
DI_448	DI
DI_449	DI
DI_450	DI
DI_452	DI
DI_453	DI
NTA_001	NTA
NTA_002	NTA
NTA_003	NTA
NTA_004	NTA
NTA_005	NTA
NTA_006	NTA
NTA_007	NTA
NTA_008	NTA
NTA_009	NTA
NTA_010	NTA
NTA_113	NTA
NTA_114	NTA
NTA_115	NTA
NTA_117	NTA
NTA_119	NTA
NTA_122	NTA
NTA_123	NTA
NTA_124	NTA
NTA_125	NTA
#NTA_126	NTA
STA_019	STA
STA_020	STA
STA_021	STA
STA_022	STA
STA_023	STA
#STA_024	STA
STA_025	STA
STA_026	STA
STA_027	STA
STA_029	STA
STA_340	STA
STA_341	STA
STA_342	STA
STA_365	STA
STA_366	STA
STA_367	STA
STA_380	STA
STA_381	STA
STA_382	STA
STA_383	STA
PKGI_05	PKGI
PKGI_06	PKGI
PKGI_07	PKGI
PKGI_08	PKGI
PKGI_09	PKGI
PKGI_10	PKGI
