lon,lat,rainfall
5.5,47.7,61.3
3.4,46.1,57.2
3.1,49.2,44.1
4.8,47.9,66.3
5.6,47.5,50.6
4.1,48.0,63.6
6.9,46.7,45.9
5.4,49.0,53.6
4.4,48.0,68.1
4.0,49.2,11.2
3.7,48.0,40.7
5.6,45.9,51.9
4.2,48.8,47.3
2.3,49.3,31.8
4.0,48.9,54.1
5.7,47.2,15.6
2.9,48.3,62.4
2.9,48.9,63.3
4.7,46.5,40.7
4.7,45.6,42.2
5.2,49.8,42.6
6.2,49.7,54.6
5.6,48.4,55.0
5.1,47.9,53.0
5.6,49.8,60.3
3.6,48.9,22.8
3.8,47.2,76.7
3.1,49.4,52.8
3.5,49.2,43.1
5.2,47.7,70.5
2.5,46.8,36.7
4.2,46.8,35.9
4.2,47.8,84.0
4.5,49.4,50.3
4.1,47.1,51.1
3.6,45.5,52.5
4.1,46.6,59.6
6.5,45.1,52.0
6.7,49.4,37.0
4.5,46.2,68.6
5.1,49.8,54.3
2.6,46.9,67.2
3.6,47.7,43.4
4.1,48.8,54.4
6.3,45.2,29.8
3.3,47.1,45.9
4.4,47.0,50.9
6.9,45.2,60.8
4.6,48.5,70.3
5.1,48.8,27.7
2.6,48.0,47.9
6.1,47.1,39.5
5.0,46.0,56.5
4.7,46.0,16.9
3.7,48.4,67.4
3.5,47.4,63.0
4.1,48.3,27.1
5.4,49.6,70.5
6.4,48.2,71.4
4.6,45.3,37.2
5.3,48.3,69.1
4.9,45.1,55.9
5.1,49.8,19.4
5.4,46.3,42.2
6.2,47.7,51.2
2.4,48.0,55.1
5.8,46.1,72.0
3.2,45.7,43.2
3.0,49.0,26.2
4.9,48.5,65.8
2.5,48.1,44.6
6.4,45.9,92.0
5.1,48.8,50.2
5.6,48.2,54.5
2.1,47.9,33.9
5.0,47.3,21.1
4.8,45.8,45.0
2.8,45.9,44.9
2.8,49.1,47.3
5.5,46.1,48.0
3.6,49.5,49.2
5.5,45.8,49.1
4.8,48.3,68.9
3.9,47.1,53.0
6.6,48.1,62.4
6.2,45.2,73.4
3.8,46.8,74.2
2.2,46.0,54.3
3.5,45.6,68.3
4.0,45.1,37.4
5.5,45.2,48.4
7.0,48.5,36.6
3.8,47.5,41.8
5.8,46.6,17.7
5.0,45.4,77.0
5.5,45.9,56.3
2.8,46.4,74.6
4.0,47.4,46.6
3.2,49.7,20.7
3.7,46.7,52.8
4.6,46.8,49.7
5.3,48.6,61.9
2.5,47.4,51.1
2.7,46.4,44.4
3.6,45.8,85.5
5.3,45.2,26.8
6.2,46.1,52.7
4.8,49.6,57.1
6.3,50.0,53.2
3.9,49.0,38.3
3.6,47.3,73.4
3.8,48.6,88.3
2.9,49.1,66.5
6.1,46.8,29.3
3.7,45.9,79.5
4.8,45.8,54.2
4.9,47.9,56.6
4.6,45.3,21.8
2.0,50.0,58.5
6.9,47.2,60.1
6.5,46.1,49.1
3.0,47.6,62.1
3.5,46.2,53.6
4.6,48.1,57.9
6.5,49.1,53.5
6.9,47.1,58.9
3.3,48.7,81.3
4.8,48.0,24.4
6.0,45.8,55.2
4.0,46.1,67.4
5.7,47.7,65.5
2.8,49.2,38.5
5.0,47.2,60.8
6.3,48.1,11.0
6.9,48.8,51.9
2.4,49.0,75.1
4.1,48.2,60.1
3.0,48.9,24.5
4.3,48.0,73.5
4.7,49.6,45.0
2.5,46.7,59.6
3.5,49.2,53.9
6.6,48.2,48.9
4.8,47.9,36.5
4.3,48.6,28.4
5.8,45.1,55.4
5.7,48.9,59.5
2.2,46.1,38.0
5.5,45.8,38.5
6.2,48.3,55.5
2.8,49.5,75.0
5.9,47.8,71.4
3.4,46.2,34.8
3.5,48.7,64.3
5.3,49.5,55.9
2.6,48.7,53.3
5.3,49.0,48.7
6.4,49.7,50.6
5.5,47.6,64.9
4.2,49.5,29.3
4.2,49.0,50.3
5.8,46.7,67.9
4.8,46.6,53.6
2.4,46.0,56.6
4.9,48.3,64.3
6.1,49.4,43.6
3.7,45.4,28.8
6.6,47.9,25.8
5.8,48.5,76.1
4.9,49.1,45.4
5.8,47.8,47.5
2.4,48.3,38.5
6.3,47.6,27.3
6.1,46.0,52.9
6.5,45.3,79.3
2.6,46.3,52.0
2.4,49.1,53.2
2.7,45.6,38.1
4.0,45.4,53.3
4.1,46.1,61.3
4.8,46.4,29.5
2.6,47.0,63.1
3.0,49.2,35.9
6.1,48.1,62.0
4.3,48.8,49.8
6.0,49.5,43.2
2.0,48.8,49.4
4.8,46.3,33.0
6.7,47.7,43.1
4.9,47.3,34.9
3.0,49.1,56.1
5.6,46.2,56.0
3.9,48.0,48.0
5.3,45.2,39.1
2.1,46.6,34.2
5.2,47.3,37.0
2.2,46.0,52.8
5.7,48.4,37.8
4.4,46.8,38.8
2.6,45.9,47.0
4.7,49.3,27.6
2.3,46.0,52.8
5.3,47.9,64.3
7.0,47.4,75.8
5.8,47.2,26.8
4.9,46.2,30.6
2.5,49.1,26.8
5.5,48.2,69.6
5.3,49.0,77.0
2.2,48.6,68.3
6.0,48.8,36.6
4.6,46.0,71.9
4.1,48.0,58.1
5.9,48.9,20.3
4.1,47.5,28.6
4.4,48.1,64.3
2.9,46.4,26.4
3.6,47.3,66.5
6.2,49.2,69.0
2.9,46.0,70.5
4.1,48.6,47.9
6.9,48.2,29.6
3.2,45.4,34.5
6.6,48.3,46.0
6.6,47.3,27.6
2.5,45.9,44.1
4.3,47.1,69.6
4.5,45.6,42.9
3.6,49.7,26.0
2.2,49.9,60.6
3.2,47.1,40.5
2.5,46.0,46.4
3.2,49.0,73.3
6.0,46.6,34.3
6.5,46.8,28.6
2.2,47.0,44.9
3.5,48.6,87.9
6.9,48.1,40.3
4.7,50.0,26.4
5.1,49.2,60.6
2.0,49.9,72.3
4.4,48.9,70.6
6.9,47.1,49.1
3.9,49.6,23.5
2.5,47.0,33.5
4.3,45.5,40.2
6.8,46.1,70.0
3.7,49.9,26.5
6.0,45.9,64.7
6.0,47.0,28.8
3.0,49.2,57.8
4.2,47.5,78.1
5.6,48.3,48.5
4.1,49.4,33.3
3.0,45.5,51.4
6.8,47.4,72.6
5.3,46.6,45.0
6.3,48.2,52.2
2.1,47.5,64.0
3.3,46.7,69.8
4.5,46.0,59.5
2.3,45.7,53.6
7.0,48.7,79.5
3.2,49.1,69.4
3.9,48.9,41.2
3.1,48.4,58.3
2.5,48.1,54.0
3.2,47.0,53.2
3.5,48.2,28.1
5.2,45.6,59.1
3.4,47.9,48.5
3.8,47.9,57.1
2.0,47.5,53.0
3.8,49.0,33.1
4.7,46.8,63.0
2.8,46.6,74.4
5.0,45.5,48.9
3.5,46.6,71.3
5.2,46.8,45.5
2.1,45.4,57.2
6.4,48.7,51.7
2.1,45.2,18.0
2.6,49.5,65.9
5.9,45.5,55.7
2.2,46.2,57.0
5.6,45.9,46.8
6.9,48.2,39.7
6.4,50.0,55.0
5.6,49.2,43.3
6.8,45.3,57.8
4.1,45.6,38.3
6.4,47.7,29.7
3.8,48.9,31.7
6.6,48.6,93.7
2.7,47.6,44.7
6.7,45.1,66.4
6.2,49.9,44.2
6.2,48.8,48.5
2.6,48.1,34.8
5.0,48.6,36.6
2.1,48.0,40.4
5.6,48.5,48.3
2.0,46.6,36.1
2.4,49.1,69.1
3.1,45.3,48.5
6.4,47.4,8.0
3.8,49.8,46.5
4.7,47.9,79.4
4.8,46.1,47.5
3.1,47.7,60.7
4.9,46.2,40.6
5.3,46.7,60.4
3.5,45.0,55.3
4.1,49.4,46.2
4.3,45.7,68.6
6.7,49.0,78.7
4.9,48.7,56.2
6.7,45.1,49.9
4.8,45.1,42.9
4.5,46.7,57.4
2.0,46.7,44.3
4.4,47.6,43.9
6.6,45.6,73.5
3.0,47.7,46.1
2.3,48.9,27.0
4.0,48.8,57.3
3.9,49.1,35.8
6.3,48.4,34.7
2.1,46.4,50.7
6.6,49.2,101.1
5.4,48.1,36.6
6.5,46.3,50.1
5.0,46.8,51.3
6.1,47.6,41.8
3.7,45.1,18.1
3.7,49.4,38.9
3.9,47.0,64.5
5.8,46.9,22.5
3.8,46.0,77.8
3.2,47.4,31.1
6.7,46.2,64.5
6.5,49.2,72.7
3.7,50.0,55.5
5.2,46.8,56.2
3.4,45.8,51.8
3.0,45.3,58.6
3.7,47.8,39.4
3.6,48.8,61.6
6.4,49.5,45.7
6.1,45.3,57.2
5.5,49.8,79.9
6.8,46.8,54.0
4.1,45.3,28.7
3.2,45.5,69.2
2.6,48.5,27.9
3.5,46.9,40.9
2.7,47.9,64.3
2.5,49.3,37.4
5.0,47.2,69.2
3.8,48.0,72.1
4.8,49.3,51.4
3.0,49.9,49.9
5.4,48.7,38.9
3.1,48.3,40.9
3.4,46.8,53.0
5.7,49.7,60.4
4.8,47.8,36.4
3.7,46.9,22.0
4.7,47.1,75.5
5.5,45.1,68.3
6.6,48.6,54.3
4.9,48.6,35.9
3.2,46.6,94.5
5.7,46.4,64.7
5.9,48.9,23.7
3.0,46.1,53.0
6.1,48.2,43.9
4.3,49.1,71.1
5.9,46.8,50.1
3.2,45.2,29.8
3.7,46.8,33.3
6.8,48.4,28.5
5.3,47.2,56.7
5.9,49.6,35.1
5.4,47.6,6.9
3.0,49.9,32.1
4.4,48.3,37.6
6.0,49.1,44.0
5.4,48.2,11.3
2.0,47.5,46.8
2.4,47.9,51.8
3.7,49.1,28.7
6.7,47.8,9.1
4.5,49.6,43.3
3.4,46.5,70.1
3.8,47.1,12.9
3.1,47.3,58.2
4.1,48.3,20.5
3.1,48.9,63.4
6.2,48.1,37.7
4.3,49.4,43.2
3.4,49.8,16.8
6.7,45.2,79.9
3.6,45.0,51.9
6.5,46.3,74.4
2.2,45.5,32.5
5.5,49.1,60.2
4.4,49.0,108.2
4.2,45.6,25.8
2.2,47.6,48.9
2.2,49.6,46.1
3.7,45.7,32.9
6.7,48.2,54.0
5.1,48.7,54.7
3.8,49.6,15.5
5.1,48.0,40.1
3.0,47.5,28.9
2.8,47.3,22.0
3.8,46.6,61.0
6.3,47.3,48.3
4.5,45.9,36.7
3.5,48.4,42.2
6.8,46.1,53.4
6.1,45.2,65.3
3.6,47.3,92.7
6.9,49.0,66.6
6.9,46.2,76.9
4.0,49.1,66.2
5.3,48.6,22.9
4.0,48.1,38.6
3.3,47.9,56.8
2.4,46.4,54.0
3.3,47.4,36.5
3.4,46.2,39.3
4.0,45.7,45.4
2.9,47.9,41.1
6.8,48.9,72.3
2.5,47.2,58.6
5.1,48.7,64.3
4.2,48.5,49.5
4.1,47.3,38.4
3.9,48.7,56.5
6.3,46.6,73.7
3.4,49.0,74.4
2.1,46.7,55.2
6.6,48.4,23.6
6.3,48.4,37.2
3.4,47.1,47.0
4.6,48.6,65.1
2.5,49.5,91.2
2.5,45.3,35.4
6.2,46.5,40.7
4.1,45.6,59.3
5.3,45.9,53.7
6.7,46.0,43.4
3.2,49.8,44.7
2.1,48.5,72.5
2.1,47.9,29.3
5.5,47.9,42.4
6.6,45.5,60.4
4.3,46.8,77.5
3.9,49.5,48.5
4.7,45.1,42.9
6.3,45.1,33.4
5.3,46.4,36.5
3.2,48.2,40.1
5.9,49.3,35.3
2.7,45.2,34.8
2.8,47.6,60.6
5.1,48.1,42.6
3.2,45.3,32.3
5.5,47.4,44.6
3.7,49.5,45.7
3.4,46.8,41.4
7.0,47.3,30.1
2.2,47.8,56.8
5.2,45.7,51.3
2.2,47.3,38.2
5.8,47.6,43.6
3.2,45.8,54.6
2.4,48.8,52.0
5.2,45.6,26.4
5.7,46.2,47.3
5.4,48.2,34.7
2.3,46.4,38.7
3.5,45.5,33.6
4.3,47.4,31.2
3.4,46.7,87.7
6.1,47.2,35.7
2.7,45.9,63.3
5.1,49.9,51.9
6.9,45.7,16.0
6.5,46.5,53.8
3.1,47.5,87.1
2.0,49.6,56.9
6.9,45.4,52.8
6.4,48.1,37.9
6.6,45.8,54.1
4.1,48.3,81.9
5.7,47.9,38.9
3.1,49.0,34.8
4.0,45.2,46.4
6.3,45.6,84.5
2.6,48.5,28.9
6.5,46.1,91.7
4.5,45.0,37.2
4.1,49.4,65.1
3.5,49.8,42.1
6.6,46.4,61.9
4.6,46.7,59.7
6.0,46.5,44.2
6.3,48.2,14.3
6.6,47.2,-4.9
3.5,45.4,47.4
3.7,48.2,57.6
5.0,48.9,59.6
4.2,49.7,17.3
6.7,47.0,30.3
4.0,45.4,40.9
4.4,45.9,66.6
5.1,47.3,70.3
4.0,48.4,36.0
7.0,48.3,31.3
2.5,48.9,52.2
3.1,47.7,57.4
3.6,49.2,50.5
2.7,46.1,66.4
3.4,46.6,60.4
5.9,45.6,68.9
4.6,47.1,70.3
2.2,47.8,45.6
6.9,47.3,20.8
5.1,46.6,82.3
2.3,45.8,52.3
5.3,48.6,34.1
3.9,47.6,44.4
2.7,48.7,60.2
4.8,48.1,22.8
5.6,48.0,16.4
5.4,49.9,40.7
3.2,49.2,84.7
4.6,47.8,66.9
4.7,46.5,66.7
5.6,45.9,45.9
3.8,49.8,47.4
6.0,49.9,69.1
5.1,49.7,48.6
2.2,45.7,49.3
4.7,48.5,46.3
6.3,48.2,40.1
4.8,47.1,59.2
2.9,46.2,36.5
4.6,49.2,44.1
5.8,48.9,37.7
2.6,48.3,42.0
6.1,48.2,56.2
2.8,49.1,65.6
4.7,46.9,52.7
3.9,48.7,58.9
3.2,46.5,56.6
5.2,49.7,59.7
2.2,46.6,48.2
5.8,48.8,41.7
4.6,48.7,44.5
6.4,49.0,52.9
4.6,49.3,47.6
2.2,48.0,31.8
2.7,46.0,32.5
6.0,46.2,30.4
4.5,45.8,34.2
4.2,48.7,52.0
3.6,47.8,65.2
3.4,47.4,28.3
6.8,49.4,69.1
4.2,45.4,51.3
6.4,46.9,77.1
5.2,45.7,63.9
6.3,45.0,34.3
6.3,46.9,30.4
6.8,47.5,74.5
5.5,45.3,17.6
6.0,47.1,45.1
5.7,46.1,75.3
5.0,47.3,69.4
5.6,48.8,42.6
5.6,47.1,59.2
2.2,45.7,57.6
4.6,47.8,50.2
6.0,45.7,67.5
3.2,49.3,45.4
4.3,48.2,76.2
4.2,45.2,47.5
4.0,47.6,50.3
2.6,47.4,68.2
4.6,49.2,25.3
4.2,49.2,38.4
5.3,48.7,81.1
4.7,49.1,52.6
2.1,48.1,58.6
2.2,48.0,55.9
5.5,46.7,43.9
5.5,47.2,41.1
6.8,47.8,27.3
6.4,47.3,47.1
4.3,48.4,49.0
5.1,46.9,67.0
4.3,48.5,77.6
3.1,46.7,58.0
3.9,47.8,59.2
2.5,49.1,45.2
5.3,48.9,41.6
3.0,46.7,49.9
4.4,48.7,60.2
6.8,47.1,28.1
2.2,45.3,57.0
2.8,45.2,35.7
3.5,49.4,45.5
6.7,45.6,27.4
6.5,48.8,67.9
2.8,46.9,85.2
6.9,46.1,41.8
5.8,46.2,47.7
4.7,47.6,61.5
6.7,49.7,79.0
6.4,47.8,52.6
4.0,47.6,36.0
5.3,46.8,53.1
5.2,45.7,64.7
3.6,45.6,72.8
2.9,47.7,55.6
4.3,47.0,50.2
3.3,46.6,55.0
3.8,46.2,59.0
6.8,48.9,63.6
4.3,49.9,34.0
5.4,46.4,38.1
3.7,48.7,77.4
7.0,45.8,36.0
5.3,48.6,34.6
3.0,46.3,65.6
2.5,49.4,35.6
6.7,45.7,50.0
6.7,47.6,37.3
5.1,48.5,23.7
2.1,45.7,104.9
3.1,48.6,29.0
6.0,49.5,73.4
6.4,48.7,75.0
4.3,46.7,42.4
3.8,46.4,49.9
3.4,45.1,31.3
2.6,48.5,34.2
2.6,49.9,63.5
6.8,49.3,49.2
6.0,45.6,32.6
2.8,49.2,52.4
3.0,48.0,52.7
5.3,45.5,54.2
5.8,48.3,18.1
6.1,45.3,93.3
2.8,45.1,62.5
6.9,48.7,41.5
3.1,49.1,35.3
4.9,46.8,52.1
4.9,45.6,63.3
6.8,47.2,54.4
5.3,47.8,35.3
4.9,47.8,52.1
4.6,48.6,73.4
5.8,49.3,52.1
2.5,49.9,29.1
2.0,47.4,37.0
6.8,46.5,31.6
4.5,46.6,41.1
3.6,46.1,57.8
3.8,48.2,77.8
6.0,47.1,28.1
3.9,48.4,66.6
5.9,46.1,70.3
4.2,48.1,58.2
6.2,49.4,30.5
2.4,49.2,29.9
4.4,49.9,48.7
4.3,47.4,40.7
3.3,45.7,22.9
6.7,46.3,19.4
6.5,49.1,88.8
4.2,47.2,27.0
2.5,48.6,54.0
3.0,48.5,76.3
3.4,48.4,66.3
4.4,45.1,52.4
3.7,48.4,48.1
5.9,48.1,30.1
4.4,46.4,67.4
6.4,45.1,60.0
7.0,47.0,52.8
3.1,47.7,48.1
5.1,48.7,50.3
6.2,49.3,78.8
6.7,49.7,29.5
3.5,46.1,69.4
5.6,46.1,51.5
2.1,47.3,69.7
6.4,46.5,58.5
2.3,45.6,39.4
5.7,49.8,82.1
7.0,48.4,66.5
4.5,48.7,47.6
3.0,48.9,36.0
5.0,45.5,37.5
5.1,49.4,53.8
5.3,48.3,35.7
2.9,46.1,61.8
6.5,47.3,32.0
5.1,46.6,82.0
2.2,49.7,79.3
5.4,47.5,71.8
3.0,49.6,50.6
2.1,46.6,60.5
4.8,49.5,58.5
6.1,48.7,36.8
6.3,49.6,76.4
2.5,46.2,63.8
5.3,46.6,85.6
5.6,49.5,63.1
3.5,45.1,49.2
6.9,45.6,69.7
3.4,45.2,14.4
2.3,49.0,51.1
4.6,49.9,50.0
5.5,48.6,37.5
3.2,49.6,37.4
3.7,49.6,17.2
4.8,48.5,17.3
6.4,48.1,42.0
5.7,46.8,66.2
3.0,47.5,41.7
3.3,47.6,69.6
4.6,49.7,42.2
5.8,45.1,54.7
5.1,49.5,62.7
4.5,45.8,41.6
5.0,48.5,43.7
5.8,47.8,31.1
4.7,45.1,61.1
6.5,45.4,67.1
6.7,45.9,79.7
6.6,46.8,37.5
5.8,45.1,71.6
3.2,46.9,46.9
3.9,45.2,70.4
3.4,48.8,52.8
5.3,49.1,49.7
3.6,47.8,64.0
5.8,45.9,84.1
2.6,48.5,61.4
5.9,45.6,77.0
4.9,49.8,62.3
6.2,45.8,73.5
4.2,48.3,61.1
5.1,48.7,38.5
4.8,47.8,71.6
6.9,45.3,73.7
5.8,49.2,48.6
4.7,49.0,37.1
2.9,48.5,22.8
6.5,45.8,42.8
3.0,45.7,30.0
5.3,48.1,44.1
6.7,45.7,39.2
3.1,48.9,39.4
3.1,46.7,57.7
6.3,45.7,71.5
6.1,46.4,17.0
3.8,46.1,44.0
3.3,46.9,42.5
2.6,48.2,47.7
6.9,48.5,73.1
6.2,49.2,51.6
6.5,47.9,22.6
4.6,47.8,52.8
2.6,45.9,34.9
2.3,45.4,70.5
3.7,49.7,35.0
6.6,46.5,51.9
6.7,46.5,27.2
6.2,49.9,37.8
2.8,45.1,22.0
4.1,49.6,40.7
3.2,45.7,28.9
3.0,47.6,81.8
5.4,45.4,43.7
4.4,45.1,49.4
3.6,47.8,52.1
2.5,47.4,60.8
4.7,46.2,43.3
3.7,47.8,41.7
4.0,49.0,33.4
3.6,48.4,56.5
3.9,46.3,37.6
4.8,48.1,40.2
2.1,46.3,63.6
6.2,47.7,35.2
6.6,47.1,39.8
4.8,47.5,52.1
3.3,47.7,38.9
7.0,46.5,27.7
3.9,47.3,64.7
5.5,49.3,67.2
5.4,49.4,34.6
4.2,45.7,62.4
3.0,48.4,51.7
6.8,47.8,44.7
2.3,48.4,76.3
4.4,46.0,18.8
3.1,47.7,45.8
3.5,49.2,53.0
6.1,48.7,61.0
3.8,49.8,24.7
2.4,49.3,57.2
3.0,48.9,55.9
6.3,49.0,75.4
6.9,47.0,36.8
3.3,47.0,67.0
5.4,46.0,45.0
2.4,49.5,37.6
5.6,47.8,36.2
4.1,49.9,32.3
6.6,45.4,60.2
3.6,49.1,51.8
6.7,45.1,54.0
4.5,48.5,65.3
3.7,46.4,49.6
5.2,49.4,70.5
3.2,47.3,60.9
3.1,47.7,55.2
3.0,48.1,43.3
6.8,49.2,74.2
4.5,49.1,18.4
5.8,48.9,53.6
4.4,49.0,58.0
4.9,48.1,58.2
4.9,45.5,48.2
6.9,45.9,97.9
5.3,48.4,46.5
3.2,46.0,15.6
2.1,47.4,47.7
3.1,45.3,50.2
4.3,45.3,30.2
4.0,45.3,65.3
6.1,45.8,55.6
5.9,47.5,25.4
2.4,47.1,55.4
6.8,48.8,61.3
4.6,47.2,64.4
5.0,48.0,5.3
4.0,46.2,43.4
5.2,49.3,57.9
6.4,47.8,58.9
5.4,49.3,56.4
6.9,46.2,37.3
5.5,49.9,57.3
6.1,46.3,67.0
2.2,48.3,59.4
5.4,45.8,56.9
5.3,45.3,72.9
2.5,48.2,71.8
6.2,49.3,38.4
5.1,45.4,39.2
2.5,47.7,71.7
5.0,49.3,27.9
4.4,48.6,66.7
3.2,48.0,29.3
2.1,48.3,64.9
3.8,48.4,60.3
5.1,49.6,53.2
3.6,46.3,59.6
3.5,49.1,34.5
5.8,48.6,65.1
5.8,46.0,72.4
5.6,49.0,18.2
2.5,46.0,74.4
4.6,45.6,31.2
4.8,47.7,31.8
5.7,45.0,36.0
6.5,49.4,68.5
3.8,46.6,2.3
4.1,47.2,42.9
5.7,46.5,38.6
5.3,49.1,44.0
4.8,47.1,36.9
3.8,48.4,59.1
3.0,45.9,43.6
2.9,45.3,40.4
2.4,47.9,67.8
2.4,47.7,37.4
6.2,48.2,44.2
3.9,49.0,51.5
2.3,46.9,25.0
6.5,49.3,25.4
3.1,45.3,50.1
3.3,45.7,59.5
3.0,47.6,81.6
6.8,47.6,36.8
2.6,47.3,55.9
5.6,45.7,40.9
6.7,48.3,53.0
5.3,46.9,34.1
6.3,46.4,58.8
3.2,45.9,43.4
5.4,49.5,41.1
5.5,49.0,54.8
4.3,45.8,61.3
6.4,45.1,92.0
5.5,45.6,52.1
6.5,45.6,57.4
5.8,48.8,49.8
4.6,47.0,61.3
4.5,46.8,54.5
4.3,47.2,89.9
2.1,48.7,62.0
4.7,48.3,64.2
4.1,48.6,55.9
2.8,48.0,51.9
2.6,46.5,43.0
4.2,46.5,29.1
2.2,46.4,49.0
6.9,49.7,51.8
3.9,45.6,42.4
3.9,46.4,71.0
2.3,49.1,50.8
4.1,49.9,45.7
2.1,46.1,59.1
2.2,49.9,43.5
3.7,48.7,50.4
6.1,46.9,22.2
4.3,46.7,66.5
2.1,49.3,40.0
2.8,46.4,29.1
5.7,46.6,51.4
5.7,45.1,72.8
5.8,47.5,24.1
3.8,46.1,71.2
3.8,50.0,36.9
6.0,45.8,49.2
4.0,49.4,64.3
5.6,45.7,70.4
4.9,47.0,41.1
3.8,48.1,80.4
2.4,49.6,55.8
2.6,49.5,53.7
6.4,46.0,44.9
4.3,45.9,46.2
7.0,48.6,78.6
3.8,46.2,46.0
3.2,49.8,59.9
3.8,45.2,80.2
3.7,45.9,43.4
5.2,45.6,54.9
2.1,48.4,62.3
5.8,45.1,56.8
4.1,47.8,36.2
4.2,48.9,49.1
4.4,45.6,56.7
4.2,45.7,63.2
4.5,45.8,32.3
3.7,45.7,56.2
4.3,48.7,55.7
4.0,46.7,75.0
4.6,47.6,71.6
5.1,45.1,60.4
3.2,49.0,76.7
4.5,45.1,55.8
5.0,49.8,41.4
2.1,49.9,70.1
4.6,45.2,46.9
3.2,45.4,54.5
4.0,47.7,92.6
6.1,46.7,32.8
3.6,48.2,72.0
4.4,48.3,78.9
2.1,45.1,83.2
3.5,46.1,68.6
5.2,48.4,39.0
3.6,46.0,38.4
3.0,45.2,35.1
3.5,47.7,20.0
6.8,45.8,63.3
2.4,49.5,46.9
4.3,49.1,44.2
2.3,48.8,37.0
4.7,49.2,50.3
2.7,49.0,43.5
5.2,49.0,49.1
3.3,50.0,33.7
5.5,48.8,51.0
3.7,47.4,78.7
2.0,48.4,55.6
3.5,45.7,50.8
2.4,45.2,30.2
4.5,46.4,48.9
3.4,47.4,77.2
5.2,45.9,40.3
4.5,48.9,78.6
2.2,49.5,69.4
3.6,46.1,36.2
4.4,48.7,46.5
4.9,46.3,54.4
2.5,46.7,67.2
5.2,46.3,43.0
3.7,46.1,47.9
2.9,46.4,66.9
6.0,46.8,51.3
2.3,45.9,74.0
6.6,49.3,51.0
5.5,45.3,33.3
4.4,48.3,72.3
2.1,47.3,55.9
4.0,47.7,56.2
5.2,49.5,37.4
6.3,45.9,46.8
5.1,46.3,36.9
4.0,47.0,21.2
4.2,46.2,70.5
6.4,49.0,64.6
3.8,45.9,45.8
2.3,47.9,39.6
4.2,45.3,40.2
7.0,45.4,100.2
3.9,45.1,41.7
3.0,48.0,53.3
2.2,47.7,38.0
2.9,47.5,43.4
3.6,46.5,77.3
4.9,47.7,44.8
5.3,47.4,56.5
2.2,48.3,46.1
6.7,46.6,41.4
3.2,46.2,39.7
2.7,48.6,60.4
4.7,48.5,32.1
5.4,45.8,61.4
3.5,48.6,55.7
5.3,48.3,21.4
3.5,49.5,28.0
6.5,48.5,45.0
6.4,49.7,44.0
2.4,48.8,25.4
2.8,45.4,52.3
5.5,49.1,75.1
2.0,46.2,54.7
6.1,48.5,38.1
3.8,47.6,51.8
5.7,49.2,48.2
2.2,45.5,52.7
3.0,48.4,80.5
2.4,46.7,55.7
2.9,46.5,68.8
3.9,45.9,60.2
4.5,46.8,56.2
6.6,45.0,54.1
5.1,48.9,44.3
5.5,47.4,65.4
2.4,48.7,57.8
3.4,46.5,70.2
7.0,48.5,56.4
4.8,48.3,41.0
5.9,49.0,67.6
2.2,46.4,35.4
2.4,49.9,44.7
2.5,47.6,56.4
2.1,46.6,51.2
6.6,47.3,21.6
3.3,49.5,39.0
7.0,48.0,28.4
5.7,48.2,88.4
3.3,49.3,48.0
7.0,45.6,79.7
6.3,46.6,47.4
2.8,48.8,59.7
2.9,48.7,46.1
5.4,49.9,70.0
2.4,47.1,79.8
4.9,45.3,60.7
2.3,48.3,41.1
3.1,48.5,42.3
6.7,48.1,59.8
4.5,47.9,41.1
4.9,46.4,39.3
3.3,46.6,66.2
4.2,49.7,51.1
2.7,48.3,28.8
4.6,47.1,53.7
2.3,48.7,45.2
2.2,47.4,65.7
5.4,47.6,47.3
2.3,49.6,36.4
4.6,49.3,76.9
3.3,45.8,65.3
2.9,48.3,38.6
4.9,49.7,51.0
3.5,49.2,66.7
4.3,46.9,29.9
2.7,47.5,63.3
2.6,48.8,39.7
2.5,49.6,38.2
2.4,47.9,48.2
4.8,46.7,52.1
5.8,47.4,35.2
6.0,49.3,29.8
6.8,47.8,28.3
2.8,47.1,55.4
2.7,47.2,46.3
4.3,46.0,46.7
6.3,48.4,56.5
5.8,46.8,58.9
4.8,46.7,44.6
2.8,49.0,51.1
4.0,47.9,60.5
5.6,47.7,63.4
3.9,46.0,50.7
2.2,48.9,48.0
4.9,49.5,41.3
5.6,47.4,23.6
5.6,49.8,63.1
2.8,47.7,27.2
3.7,46.0,66.3
4.0,45.2,37.5
4.1,48.6,40.5
2.6,47.0,50.5
3.9,49.3,21.4
4.5,48.8,33.5
5.6,46.2,47.5
4.8,46.5,84.0
4.0,45.4,34.5
6.6,48.6,66.8
5.0,49.1,26.0
6.9,47.4,46.1
6.3,48.1,30.1
5.4,46.0,62.9
6.5,49.8,34.6
7.0,46.6,68.9
3.1,48.7,63.2
5.5,47.8,9.3
6.6,47.9,28.3
2.1,49.9,55.1
6.0,49.8,45.7
2.4,46.3,59.2
6.6,48.2,71.4
5.1,45.9,63.8
2.8,48.8,90.1
2.2,48.0,20.7
6.1,49.6,35.5
2.7,48.4,45.6
6.7,47.4,53.6
2.5,46.5,61.9
6.2,45.8,59.9
4.1,46.3,59.0
6.4,49.1,59.7
5.8,49.7,101.5
6.3,49.2,77.7
4.4,49.1,48.0
5.6,46.6,35.0
3.6,48.2,27.6
2.2,47.8,62.9
3.2,49.0,52.6
2.0,48.3,66.0
3.8,45.1,50.9
4.5,48.1,48.5
2.1,45.3,70.2
2.0,48.3,88.2
5.4,46.6,29.5
2.5,48.8,47.2
2.4,48.2,51.1
4.5,47.8,67.8
5.6,49.1,78.0
6.9,47.4,30.2
3.5,49.5,50.5
2.6,49.2,11.3
2.3,45.3,55.5
3.0,49.5,50.1
2.5,48.1,57.9
2.0,49.8,55.6
3.4,48.7,78.1
2.8,48.9,53.8
2.1,47.7,29.4
3.8,49.8,30.9
6.1,48.5,58.6
3.5,47.1,66.4
5.6,45.3,45.4
5.6,49.9,60.6
2.1,49.4,44.3
6.8,48.2,14.2
2.7,47.8,51.2
5.6,48.0,30.7
3.9,49.4,29.3
6.3,49.6,53.0
7.0,46.5,34.6
3.0,46.5,36.2
6.1,45.2,68.7
4.5,50.0,21.5
6.8,49.8,38.1
5.3,48.9,37.6
5.0,47.2,70.8
3.1,47.8,64.6
5.6,48.9,74.2
3.4,46.1,45.1
6.2,46.1,55.8
6.9,47.8,25.5
2.0,48.4,34.9
6.8,47.6,64.4
3.8,46.5,37.9
4.4,46.9,56.6
6.6,47.9,42.9
5.9,45.3,56.0
3.2,49.9,28.9
2.5,49.9,75.3
6.2,49.2,69.3
5.7,46.8,37.3
6.3,48.3,77.9
3.9,48.2,76.0
4.5,47.0,56.7
4.3,49.4,21.3
3.6,47.8,66.0
3.7,45.2,50.4
5.6,46.5,51.3
5.8,48.7,43.6
6.3,49.3,56.3
6.2,48.1,50.9
5.8,48.3,51.1
3.7,48.9,61.0
5.6,47.1,29.8
6.9,45.7,59.0
6.6,46.5,41.8
6.9,47.5,46.8
2.2,48.5,17.1
5.1,46.8,61.6
3.1,46.2,49.1
3.2,47.1,66.8
6.2,49.0,84.6
5.8,48.1,19.8
3.6,47.4,59.4
4.6,46.4,38.4
2.9,46.3,69.5
2.0,46.2,53.2
6.5,48.0,48.2
5.5,45.6,43.1
4.6,49.0,34.7
2.3,47.4,56.4
4.1,49.8,51.5
3.9,46.2,35.8
2.9,48.4,52.9
2.8,46.9,57.4
2.9,49.9,44.5
5.0,48.1,40.8
2.6,48.4,41.1
3.2,45.7,27.3
6.7,46.8,37.0
3.1,48.6,60.7
5.8,46.7,73.4
5.0,48.9,58.0
4.1,48.7,25.3
5.0,45.5,63.3
2.7,45.6,50.0
4.4,45.6,65.7
6.9,45.2,91.7
4.1,46.6,70.1
3.2,48.4,58.6
6.6,47.5,37.0
5.1,45.7,59.0
5.6,47.8,41.0
4.7,49.5,45.4
2.1,45.2,64.7
5.8,47.1,55.8
6.9,45.9,45.6
5.6,45.2,66.3
6.0,45.2,42.3
6.3,47.7,32.3
7.0,47.6,48.7
3.4,46.4,85.2
4.2,48.3,74.2
4.7,46.4,52.6
2.8,46.6,28.7
4.4,45.0,34.6
3.4,45.6,49.1
6.2,47.0,41.8
3.7,47.3,49.3
2.4,46.0,21.9
2.1,48.9,33.3
6.3,47.7,38.6
6.3,48.5,37.4
6.7,46.6,54.0
2.4,47.9,36.7
4.0,46.0,52.9
4.1,46.9,43.0
6.3,47.9,13.8
3.3,46.4,45.1
3.5,46.1,50.3
5.7,47.6,61.1
2.9,48.1,58.1
5.2,48.8,51.1
5.7,48.9,41.2
2.9,45.9,49.1
3.1,45.3,51.2
5.5,48.1,16.6
6.0,49.7,42.4
6.8,49.6,20.7
3.5,48.8,68.5
4.7,46.1,3.2
2.7,46.1,77.0
4.2,47.8,70.0
3.3,46.3,47.8
3.7,48.3,71.7
6.0,49.1,35.7
6.0,46.5,36.4
5.5,49.5,60.6
2.6,47.1,49.6
3.4,47.2,53.6
6.7,48.3,36.8
4.3,49.0,38.3
5.1,48.6,47.1
2.1,47.7,71.6
4.6,49.2,50.1
5.4,49.7,47.9
2.3,49.7,63.6
2.6,46.5,39.1
3.8,46.9,44.8
6.7,48.9,93.5
3.2,48.5,41.0
2.1,48.5,50.5
6.0,49.0,43.2
6.2,48.5,40.6
4.7,46.4,44.4
6.5,47.8,10.0
2.9,46.7,39.3
3.4,46.5,63.1
2.1,46.6,44.1
4.9,47.0,39.2
6.4,47.1,9.2
5.0,46.4,40.8
2.4,48.2,43.8
5.5,48.8,45.2
5.4,47.8,65.3
2.8,48.3,38.4
6.1,46.1,56.4
6.6,48.4,52.1
4.0,50.0,13.4
3.5,46.8,64.3
4.9,46.0,33.7
6.9,46.5,51.9
5.6,46.1,45.9
6.0,47.9,60.8
5.8,49.7,63.6
6.8,45.3,73.0
6.1,49.2,57.7
3.3,46.8,50.4
3.2,46.8,41.5
3.2,46.9,36.1
3.1,48.0,9.9
3.0,45.8,49.1
6.7,49.6,41.9
6.8,46.9,62.7
2.4,48.6,47.2
2.3,49.9,77.1
6.3,48.0,58.0
4.8,49.2,51.4
3.1,46.1,37.4
4.3,45.5,53.5
2.4,47.0,46.8
6.9,46.7,26.5
2.7,45.6,33.7
6.0,47.5,38.9
6.8,48.8,63.9
5.6,46.1,30.6
2.4,46.8,40.5
4.9,45.2,67.2
2.6,47.3,42.1
6.3,49.7,44.5
5.4,45.8,66.0
6.7,45.6,64.8
2.7,45.6,27.5
4.3,47.7,66.7
4.7,46.8,52.0
2.5,48.6,45.5
5.4,49.2,42.1
4.8,45.3,42.8
3.7,49.9,56.1
4.1,47.7,77.5
6.0,48.5,85.3
3.8,49.5,25.5
6.9,46.4,64.9
6.6,47.3,39.4
2.4,49.6,59.0
6.3,46.6,35.8
5.4,49.8,66.3
2.3,48.2,36.4
6.8,48.3,64.9
6.2,45.5,42.2
6.2,46.9,30.8
6.6,46.2,50.8
6.6,47.4,18.3
3.1,48.8,66.7
6.7,48.7,77.6
2.2,48.5,51.1
6.4,46.3,40.0
4.3,48.5,32.7
6.2,47.4,73.2
3.4,47.4,100.9
5.8,48.1,62.0
6.0,45.7,74.9
2.4,49.7,65.1
6.6,48.1,32.6
6.1,46.8,44.1
5.0,47.9,41.7
5.5,48.4,46.4
3.7,49.3,76.0
4.4,47.6,49.1
2.7,48.4,38.7
4.5,46.5,33.1
5.9,46.9,41.9
4.8,45.4,37.4
2.7,48.3,22.6
6.1,48.3,41.4
5.7,45.3,52.8
2.2,47.0,47.9
6.0,45.5,55.3
6.3,47.8,30.5
4.6,46.8,55.7
3.9,48.9,50.5
2.4,47.1,37.7
6.1,50.0,64.6
2.0,48.5,55.1
3.7,46.3,44.6
3.6,45.6,38.8
6.6,48.6,44.5
4.2,46.6,62.7
6.4,45.4,35.9
2.4,47.9,49.9
6.2,45.5,37.9
5.1,46.2,51.3
4.7,47.3,55.0
3.5,48.9,67.9
4.5,47.1,43.0
3.4,46.5,66.2
4.3,45.9,42.5
5.8,46.9,31.5
5.1,45.2,41.6
5.4,46.8,45.9
6.5,46.3,49.2
2.3,45.6,33.3
3.0,45.8,35.4
5.6,49.6,72.0
4.0,46.8,50.1
5.3,48.5,65.2
6.5,49.6,66.0
5.7,45.6,58.2
6.7,48.0,40.9
2.8,49.5,57.5
5.8,49.7,62.4
5.5,47.1,55.0
2.0,47.0,54.4
2.2,49.8,49.5
2.2,48.7,71.8
4.6,49.3,58.0
5.9,48.9,25.7
4.0,48.3,80.4
2.0,47.0,26.9
2.9,47.0,73.3
6.7,48.4,32.0
3.2,49.2,31.8
6.3,45.3,60.5
3.9,49.4,63.2
4.6,47.7,55.8
4.4,47.7,49.2
2.7,48.9,31.9
3.8,49.2,61.6
7.0,46.1,57.0
4.8,49.0,42.7
4.3,45.2,38.9
4.7,48.6,67.2
3.3,47.8,75.8
4.8,48.6,56.7
5.6,49.2,49.1
2.5,49.8,42.6
3.4,47.3,46.4
3.0,47.6,79.6
5.7,46.7,47.0
6.7,46.4,53.4
4.1,47.9,87.8
5.2,46.8,25.7
2.2,47.1,75.7
2.7,45.5,31.3
3.9,45.5,25.7
5.3,49.6,34.9
5.2,45.9,20.3
3.0,49.1,64.2
2.7,48.6,57.0
6.7,47.2,54.9
3.8,46.1,39.6
4.3,45.3,50.3
2.5,49.4,54.1
6.6,48.4,45.5
5.3,45.9,61.2
4.5,45.3,34.2
4.2,49.6,9.0
2.3,46.4,65.3
3.1,46.3,59.3
6.3,48.1,39.1
5.1,47.6,50.7
3.0,46.3,46.2
2.9,46.0,37.9
3.8,49.5,47.3
5.1,46.5,50.6
4.7,45.4,42.3
4.6,48.1,49.4
6.3,49.3,34.8
6.3,45.2,48.4
6.2,45.8,50.8
5.5,46.1,46.4
4.0,48.5,59.1
3.3,46.4,63.0
6.8,49.3,56.1
2.2,46.2,40.7
5.1,47.9,59.6
6.2,45.3,68.1
3.4,48.9,51.9
6.9,50.0,34.3
6.4,48.4,68.7
3.0,48.1,40.5
3.4,46.4,58.3
6.5,48.7,40.0
2.5,47.5,63.2
2.9,46.0,38.3
5.0,48.6,55.8
2.7,47.8,45.1
4.9,49.6,73.0
4.9,47.3,57.4
5.0,49.6,52.0
3.3,49.0,62.0
6.1,45.9,84.4
6.9,47.9,34.9
3.4,48.7,42.4
6.3,45.2,58.2
3.5,45.6,22.1
3.7,49.5,20.9
5.9,47.1,66.9
2.7,49.7,49.4
2.3,46.4,49.9
3.9,48.2,51.1
2.6,47.2,31.3
2.4,49.6,69.8
4.9,48.7,52.1
2.9,47.1,43.8
3.5,48.8,46.2
5.6,48.8,34.9
2.5,45.1,55.1
7.0,48.1,62.9
3.5,45.3,22.8
4.7,48.9,54.7
6.0,45.1,47.7
3.2,49.1,35.4
3.7,48.4,45.9
3.0,49.9,64.4
3.9,45.7,28.0
5.7,47.3,41.3
5.6,47.1,45.1
2.9,45.9,34.7
4.4,47.0,65.1
5.4,46.1,56.1
5.7,45.1,70.3
5.2,47.2,81.5
3.0,46.8,75.1
6.3,47.6,45.0
3.4,47.2,29.4
3.8,49.6,33.5
4.8,46.3,55.2
6.3,49.4,64.6
5.2,45.7,26.8
5.5,47.3,40.9
3.1,45.4,56.7
3.8,48.2,57.0
2.7,49.5,52.9
5.7,48.1,51.0
6.7,48.4,48.3
5.7,47.6,56.6
2.6,47.2,49.2
5.5,49.9,57.0
4.2,49.9,41.3
2.5,48.3,28.2
7.0,49.1,33.3
5.6,49.4,45.7
5.1,46.1,11.5
6.4,49.0,77.1
3.6,45.7,60.9
5.3,48.2,46.6
4.3,49.7,48.1
2.6,48.0,28.1
4.7,46.7,92.6
5.2,49.3,66.7
4.4,47.2,52.5
2.6,49.2,56.7
2.4,47.7,33.3
5.3,45.8,38.7
6.2,46.2,58.9
6.6,48.9,39.2
3.9,49.9,24.3
6.7,49.7,41.2
6.1,47.5,33.8
4.1,45.9,74.2
4.0,45.4,48.8
3.7,47.2,58.3
2.3,45.1,24.6
2.0,49.5,46.1
3.2,48.2,32.6
3.3,48.7,59.4
5.6,46.5,41.0
2.8,48.3,66.6
5.5,45.5,48.3
5.7,46.3,37.5
4.3,49.2,62.1
2.6,46.9,54.1
5.6,45.9,33.6
6.6,46.1,28.8
3.8,48.2,59.6
5.8,47.9,53.7
5.7,45.5,55.6
2.3,49.3,38.4
2.3,49.5,52.4
5.4,45.7,32.6
6.2,46.7,27.2
6.6,48.6,24.9
2.7,47.2,52.9
4.9,46.8,66.2
3.4,49.8,36.1
3.1,46.6,52.7
5.7,49.0,72.3
4.1,46.8,76.3
4.2,47.5,47.8
6.2,49.8,63.8
3.2,48.2,85.3
4.6,46.7,35.0
6.1,46.4,26.5
2.7,47.5,44.1
5.0,48.1,37.8
6.2,47.9,66.6
5.8,45.6,42.0
6.4,47.1,20.4
2.2,48.4,93.5
5.5,48.2,36.9
3.0,46.8,63.0
4.8,47.7,56.4
5.9,45.8,70.3
4.1,45.6,49.4
5.5,46.0,35.3
6.2,46.4,51.1
6.7,48.8,65.2
4.7,48.0,48.3
3.6,45.0,36.3
4.0,47.7,76.4
6.3,46.9,22.5
3.2,46.8,68.5
6.4,49.0,59.4
2.3,47.5,62.9
6.9,45.9,48.3
2.6,46.1,57.0
6.4,46.6,51.0
4.7,46.7,46.4
4.8,47.0,35.0
6.9,49.4,24.9
6.8,46.7,44.0
6.0,47.9,33.6
5.3,45.0,49.3
5.4,45.9,34.1
2.7,48.8,46.4
4.3,47.2,51.5
4.1,46.6,65.9
2.5,46.5,36.4
2.1,47.3,54.0
2.1,45.0,33.0
5.7,46.6,6.2
4.2,49.8,49.8
4.5,45.7,31.4
3.3,45.0,63.1
4.7,45.0,38.6
2.6,48.6,41.9
2.8,47.8,27.8
6.1,50.0,73.6
2.1,46.7,56.5
6.6,45.8,63.9
3.7,47.7,68.3
6.7,45.9,36.2
2.3,48.5,47.9
3.6,45.9,38.0
5.0,46.8,75.1
6.7,47.7,29.8
2.5,48.7,55.7
6.0,49.0,56.8
5.1,46.8,35.3
5.2,47.5,34.7
7.0,47.8,38.5
3.6,46.7,69.8
3.8,48.6,55.3
4.7,45.5,59.3
5.1,47.6,47.6
3.6,47.2,47.8
5.5,46.1,62.1
2.4,46.2,59.4
3.0,46.8,43.5
2.1,49.3,61.5
5.7,45.6,68.0
6.7,48.3,25.5
5.8,47.2,49.6
2.9,48.3,47.5
3.4,46.4,71.2
5.4,49.2,84.2
3.5,45.5,65.5
4.0,49.0,29.0
3.3,45.7,10.5
4.7,46.0,34.0
6.3,45.6,84.9
3.2,49.2,63.2
4.6,48.7,35.3
5.3,45.3,53.6
2.0,49.5,63.6
3.3,49.8,31.6
4.8,49.7,50.1
6.1,45.9,35.6
3.1,48.3,20.7
6.5,45.7,56.7
6.1,46.8,46.2
4.0,49.9,28.4
6.1,48.2,38.8
6.2,48.7,65.1
3.4,49.9,22.4
2.6,45.9,58.4
2.5,47.9,67.9
6.4,45.3,57.1
4.5,47.3,51.1
5.4,49.4,31.7
4.0,45.1,46.0
5.9,47.6,33.5
6.1,49.2,43.3
6.5,46.6,23.4
5.2,49.6,70.3
6.5,48.2,54.0
6.3,45.3,56.8
3.4,48.3,60.8
4.9,46.9,48.5
3.3,45.8,60.1
5.2,49.6,48.6
6.5,49.9,51.7
4.4,48.9,37.4
6.1,49.2,63.1
2.1,50.0,76.2
6.3,45.1,45.3
6.7,45.6,70.2
3.6,49.7,40.6
5.5,47.9,21.6
6.1,47.1,62.5
2.6,45.8,49.3
4.1,45.2,29.0
3.0,48.8,28.0
5.7,45.1,44.9
4.0,47.2,49.5
2.0,45.3,47.6
3.3,48.7,63.1
3.0,47.7,51.5
2.4,46.3,29.2
4.7,46.2,44.3
3.7,47.9,61.9
3.1,45.6,59.4
6.7,48.2,44.3
3.6,49.7,30.3
2.6,47.3,55.7
4.6,48.5,31.6
6.5,46.4,49.0
5.9,47.6,44.3
2.7,47.6,67.7
3.5,46.9,80.8
3.2,46.0,51.4
6.6,48.2,46.6
3.4,49.8,40.0
2.8,47.3,60.1
4.3,45.6,38.5
5.1,46.8,63.7
2.8,48.4,47.1
2.1,47.5,42.6
2.5,46.5,59.8
5.3,49.3,40.4
2.8,48.1,57.2
3.3,49.4,28.5
5.4,49.9,40.8
6.4,48.0,31.6
6.8,46.0,38.6
3.9,47.9,66.3
3.1,45.6,59.3
5.7,48.9,37.6
5.6,45.5,61.2
6.9,47.4,-6.9
2.5,48.6,20.4
6.4,49.6,53.5
2.9,49.5,43.8
5.7,45.3,80.2
7.0,49.9,53.0
3.2,47.2,73.3
5.7,46.0,60.5
5.9,49.9,81.3
3.4,49.3,48.6
6.6,48.2,36.6
2.3,48.1,50.9
3.1,47.0,56.3
3.5,45.1,37.9
2.5,47.9,50.8
3.2,47.4,73.1
5.9,49.5,83.1
3.3,47.7,76.7
4.5,48.7,83.9
2.7,49.8,49.8
5.0,45.5,50.0
5.1,47.6,61.3
3.1,49.5,33.8
2.4,49.4,29.2
5.5,46.6,35.3
5.2,48.1,18.0
4.4,48.3,58.6
6.5,49.0,49.0
6.9,48.6,65.5
5.7,48.5,63.0
6.8,48.5,38.5
2.7,46.9,62.8
2.8,47.8,48.3
7.0,48.9,55.3
3.9,46.3,43.2
4.8,46.7,64.7
6.7,47.8,32.9
5.0,46.2,48.9
6.4,47.3,37.7
5.5,47.6,42.4
6.3,45.8,84.8
4.4,46.2,64.8
6.7,45.8,31.8
2.6,48.7,58.4
6.0,45.5,39.2
3.2,46.2,56.7
5.1,48.6,55.4
5.9,49.6,53.8
5.5,46.3,48.8
4.2,49.5,62.1
6.7,46.7,46.0
2.8,49.2,57.2
5.6,47.6,70.6
3.3,47.9,39.9
5.4,47.3,35.4
3.0,48.8,65.9
2.2,46.9,33.0
5.9,48.2,50.2
6.1,48.0,55.3
2.8,46.3,57.8
6.0,48.9,57.2
3.6,47.4,31.0
4.9,47.3,61.8
5.0,47.9,28.5
6.6,49.3,37.6
4.9,46.5,63.2
6.3,46.6,52.2
4.1,46.9,75.3
5.3,45.9,24.2
3.0,48.9,47.8
5.6,47.4,46.8
6.6,45.5,35.9
4.1,48.5,23.4
5.2,45.6,33.3
4.7,48.4,66.7
2.1,46.9,37.4
6.5,48.1,40.8
6.0,46.2,49.2
4.1,48.1,56.8
2.5,45.5,36.9
3.8,49.8,31.8
4.6,49.3,27.0
3.2,46.3,39.1
6.2,46.5,81.3
3.5,49.6,46.4
3.0,46.1,57.9
2.9,47.6,51.0
5.6,47.9,39.0
4.7,46.3,50.3
5.5,47.9,28.9
3.5,48.4,88.7
4.0,49.4,31.7
6.5,48.0,56.5
3.7,49.5,28.9
6.5,47.8,48.7
6.8,48.2,48.4
2.1,49.8,53.4
4.5,49.1,60.9
5.1,49.9,40.5
2.1,47.8,22.0
3.8,46.2,65.6
2.1,49.4,48.0
5.1,48.4,39.9
4.3,49.8,45.8
3.3,46.6,48.1
5.9,48.7,35.4
4.7,47.1,50.0
3.7,45.9,52.1
6.7,46.1,21.1
6.9,46.3,53.1
2.9,47.5,65.0
6.9,48.9,51.4
4.9,49.7,61.5
6.4,45.5,71.2
3.5,49.1,38.0
2.2,46.6,75.6
2.1,47.0,36.2
4.2,47.8,62.5
2.0,48.7,16.5
4.2,45.9,46.3
5.7,46.6,50.6
5.3,47.2,56.9
5.7,47.8,49.3
5.0,49.1,102.3
6.8,47.5,59.6
3.2,46.0,56.0
6.5,46.6,52.1
6.9,48.2,32.8
2.0,46.3,50.2
4.2,46.1,69.7
5.4,46.5,50.6
5.1,47.1,65.2
6.9,46.5,58.6
5.3,48.7,71.5
5.1,49.0,38.7
6.6,45.2,67.0
6.5,47.3,50.3
6.2,46.4,31.4
4.0,47.0,31.7
5.5,45.9,39.7
6.8,45.3,46.7
3.2,48.2,65.0
4.4,49.8,58.2
5.8,48.7,39.0
5.0,49.9,42.8
5.9,49.8,78.2
3.3,46.8,81.8
2.7,48.7,76.0
4.4,49.1,56.1
5.3,47.3,73.8
5.0,46.6,65.5
5.1,49.7,58.3
2.5,45.2,60.8
4.5,47.0,78.7
3.0,49.9,61.7
5.6,45.7,73.0
4.8,45.2,62.3
5.0,46.7,26.1
5.0,45.4,42.9
3.5,47.9,45.3
2.4,48.1,29.0
4.1,49.1,44.9
3.5,50.0,32.0
4.8,45.1,34.6
3.1,48.0,63.8
3.1,49.1,43.1
3.6,48.4,59.5
2.9,45.8,73.2
4.0,48.1,54.5
6.1,45.9,37.1
6.3,49.6,80.3
2.5,49.9,36.0
3.7,48.3,64.5
5.1,47.8,29.2
3.1,45.7,52.2
6.6,48.9,34.5
5.5,49.1,61.2
3.1,46.8,38.4
2.5,48.2,62.3
2.4,46.1,31.4
2.9,49.6,54.7
4.0,45.4,41.7
5.8,48.5,33.1
2.7,48.7,58.5
2.2,48.5,34.7
6.5,48.8,55.6
3.7,49.8,47.3
3.7,47.1,23.1
4.6,46.0,72.2
4.1,45.6,67.9
3.5,45.4,20.5
5.6,47.3,49.6
6.0,45.5,62.0
6.1,49.1,70.0
5.9,47.4,36.2
5.5,49.1,67.5
3.0,48.3,85.0
5.7,49.6,55.3
3.4,49.2,46.1
5.6,46.4,46.7
2.5,48.5,34.4
4.1,49.5,18.1
4.0,47.6,58.6
2.2,48.7,58.5
6.4,45.2,84.5
5.4,48.1,59.7
5.9,48.7,43.9
5.3,47.8,33.9
3.7,46.4,72.3
4.5,49.7,56.7
2.6,47.3,46.9
2.8,47.8,56.9
3.6,45.3,34.5
5.2,49.1,40.7
5.0,47.1,46.5
5.9,46.7,49.8
4.7,49.6,57.6
5.4,46.3,40.6
2.2,45.7,49.1
6.7,47.4,31.1
6.2,48.7,37.2
6.7,45.2,52.5
2.9,48.6,18.6
2.7,47.6,40.9
4.7,48.4,67.4
6.2,48.4,41.8
5.7,46.6,72.8
3.3,45.9,47.7
4.4,45.1,37.5
3.2,45.1,46.0
4.8,49.4,34.8
4.8,47.5,60.5
2.4,46.6,14.2
5.2,49.6,79.1
2.5,49.6,50.7
2.1,47.7,35.0
6.3,47.8,44.9
3.2,48.2,52.6
4.3,48.5,55.6
6.7,46.7,39.2
5.1,48.7,54.1
3.9,45.1,39.5
6.3,49.0,47.7
3.1,48.4,72.3
4.4,49.4,30.8
4.8,48.1,40.4
4.9,48.0,99.4
2.1,46.2,73.1
3.9,47.1,41.5
4.6,48.9,34.2
4.3,47.5,53.8
6.1,48.7,47.4
5.6,49.9,73.8
6.7,47.3,27.4
3.1,46.0,33.4
2.8,47.2,43.3
3.0,46.7,37.7
5.3,46.1,49.7
3.3,49.9,14.4
5.3,47.3,51.4
5.4,49.9,33.4
2.4,48.5,61.1
5.7,46.9,9.1
3.6,45.0,36.9
3.1,47.0,53.0
3.3,46.6,38.2
6.5,47.3,56.8
5.0,47.9,27.3
5.2,48.1,44.4
3.1,45.7,35.7
3.8,48.1,85.7
6.1,47.7,36.6
3.7,45.6,54.4
6.1,46.0,65.6
3.0,47.7,72.7
5.7,48.3,35.1
2.6,45.8,43.6
6.1,48.3,52.5
5.4,46.6,38.0
6.8,49.1,82.2
2.1,46.9,41.2
2.7,49.1,61.0
2.1,46.2,45.9
2.1,48.7,22.8
6.2,47.7,39.2
5.2,48.2,34.3
5.2,47.3,56.7
3.9,49.9,39.2
2.3,48.5,56.3
4.2,46.9,40.2
2.8,48.7,63.1
6.7,48.7,46.6
6.4,45.6,62.4
3.5,46.2,50.3
2.1,48.6,37.4
2.1,46.8,53.1
4.6,47.0,67.7
6.1,47.5,59.8
3.7,48.9,28.8
5.3,47.3,95.5
6.3,46.4,61.9
5.2,48.4,48.4
2.0,49.3,59.2
4.8,47.6,62.2
2.9,48.5,72.5
6.0,49.2,44.6
4.1,45.8,27.8
4.2,48.0,40.7
3.5,48.7,53.7
3.1,45.6,52.7
2.8,47.3,50.1
4.0,45.9,38.6
4.7,47.3,37.9
6.5,45.0,76.0
4.0,48.7,80.6
3.6,49.1,57.5
6.1,49.1,42.0
5.5,49.0,27.7
2.6,45.3,40.6
5.5,46.5,56.8
6.8,46.2,65.1
4.5,47.4,37.1
4.5,49.6,39.9
5.6,45.9,38.4
3.0,48.9,89.2
3.8,46.8,60.0
3.6,45.5,50.1
7.0,46.8,40.2
2.8,46.0,27.1
2.9,46.0,43.0
4.3,49.9,38.2
3.4,46.5,52.9
6.4,49.0,67.7
4.2,45.0,34.8
5.4,45.3,26.4
6.1,48.1,43.4
3.4,48.4,66.4
5.7,48.2,19.8
4.0,49.4,14.1
3.3,46.1,67.0
6.5,46.6,47.5
4.8,47.8,66.2
4.5,45.7,37.0
2.9,47.6,32.7
6.5,48.0,40.3
5.2,47.4,75.2
6.7,48.9,39.3
2.2,49.1,40.0
2.6,46.3,77.2
6.4,46.3,46.3
4.3,45.5,37.0
4.3,49.9,46.6
3.1,45.9,51.2
4.4,45.6,81.1
4.2,47.7,68.7
5.6,49.1,55.4
5.2,45.4,44.3
6.0,46.3,46.8
5.9,49.7,58.2
4.1,47.6,74.4
3.5,45.9,58.4
3.6,46.1,38.7
6.9,48.7,77.3
4.0,47.3,82.2
5.8,47.9,69.0
2.4,48.6,54.1
4.1,45.9,46.0
3.6,49.1,69.8
2.8,45.2,30.2
2.1,45.8,60.0
3.3,49.5,37.7
6.0,45.5,30.0
3.5,47.6,61.1
6.4,46.2,76.8
4.9,48.3,46.6
6.0,49.5,64.1
7.0,49.2,42.8
5.2,48.8,44.1
3.7,48.3,35.5
3.6,49.8,40.9
6.9,45.9,58.7
5.6,48.1,28.5
4.5,49.6,40.0
3.1,46.0,57.9
4.4,46.5,74.6
5.8,48.8,27.6
6.9,48.8,83.2
5.4,48.2,50.4
2.1,45.3,69.9
4.3,47.3,42.2
6.1,48.3,28.3
4.6,49.0,59.0
3.7,49.2,46.4
6.3,48.5,32.9
4.9,47.9,61.2
4.5,46.7,56.3
4.4,48.7,47.3
5.4,46.8,24.3
4.3,47.6,64.8
4.8,45.1,59.5
3.4,45.7,43.4
2.9,46.5,39.0
6.1,47.3,38.3
3.6,47.8,91.5
2.6,46.0,63.4
2.9,47.6,44.4
4.1,48.2,67.6
3.4,47.2,50.8
5.5,47.7,55.1
3.7,46.7,65.0
4.9,46.3,73.9
2.8,48.9,55.5
2.7,46.5,20.1
6.5,45.1,60.3
6.3,48.8,35.0
6.5,46.5,46.3
4.5,46.4,57.1
2.4,46.9,66.4
3.6,47.3,78.3
6.4,49.0,74.2
4.1,45.8,44.6
3.6,47.7,45.3
3.5,45.0,42.9
4.7,45.3,56.3
4.3,48.3,76.9
3.9,49.6,35.3
4.1,45.3,39.6
3.3,46.4,45.1
3.0,45.4,31.0
3.0,45.2,58.3
2.2,48.0,56.0
6.7,49.4,69.7
6.8,45.6,62.0
2.5,47.9,53.1
2.4,45.9,63.0
4.1,47.0,21.3
5.8,46.5,35.3
6.1,45.8,67.4
2.1,46.7,53.0
3.4,48.6,49.6
4.7,45.9,30.3
2.7,47.1,78.6
6.8,48.0,25.3
3.3,49.8,47.1
4.7,46.1,20.2
2.5,47.9,43.7
3.7,45.2,48.2
2.6,46.3,21.4
6.6,47.6,42.1
6.7,47.5,53.3
4.7,50.0,55.4
3.7,46.0,40.9
3.6,48.2,49.5
6.6,45.3,73.3
5.1,49.4,56.4
4.0,45.4,63.2
5.9,47.4,20.3
4.7,48.7,29.5
3.1,47.7,43.4
3.2,46.5,37.2
3.4,49.2,42.5
2.1,48.9,41.9
3.3,49.5,21.3
5.1,47.9,39.8
5.8,47.2,44.8
2.6,49.1,36.7
6.9,48.4,46.4
4.4,46.3,57.1
2.3,46.7,53.6
6.7,47.9,50.9
3.4,45.2,60.0
3.5,45.6,52.9
4.3,47.2,47.1
3.6,46.3,55.9
2.9,49.1,60.1
2.6,47.3,72.4
4.5,49.0,79.5
2.4,46.4,53.5
5.5,45.3,53.3
3.7,49.8,24.6
7.0,46.7,18.6
2.3,48.1,78.3
2.2,47.1,76.1
3.3,48.7,77.3
3.8,48.2,67.3
6.1,48.0,63.6
6.1,45.9,71.8
5.6,48.5,43.1
6.1,48.1,36.0
5.6,47.1,41.4
6.4,46.6,45.4
4.3,49.2,18.2
3.4,45.9,59.3
5.1,48.4,45.4
3.8,46.7,27.5
2.3,46.8,56.0
6.3,47.2,36.9
6.2,49.5,82.7
4.5,45.1,33.1
4.3,45.3,0.9
2.6,48.3,35.2
2.6,45.2,54.5
6.0,48.5,49.1
6.3,48.1,36.2
2.0,48.7,48.4
5.9,45.0,49.1
4.7,46.7,26.6
4.2,46.7,43.9
4.4,45.1,71.2
5.6,45.9,58.0
2.0,47.4,42.5
2.3,45.9,36.6
6.2,45.9,58.6
7.0,48.0,47.3
3.2,46.4,59.7
4.0,46.8,47.4
5.5,46.8,64.7
5.3,46.2,28.5
5.9,46.6,31.2
6.6,46.1,58.3
3.3,47.1,33.6
4.6,46.1,25.1
2.7,45.6,57.5
6.9,48.9,63.5
5.8,49.4,49.0
2.9,49.5,36.3
5.7,46.2,37.0
6.0,49.0,31.6
2.7,47.2,32.7
4.5,46.3,39.6
6.1,45.9,78.5
3.7,45.3,44.5
2.3,47.5,39.3
3.7,48.2,53.0
5.9,48.8,50.0
2.5,48.8,44.9
3.6,49.1,48.6
6.3,46.1,17.0
2.8,48.9,68.7
3.9,45.9,58.0
4.8,48.2,48.8
2.9,49.3,68.1
5.5,45.0,37.4
5.9,50.0,51.1
5.2,45.2,75.0
6.3,48.2,40.3
2.7,45.7,34.3
2.0,50.0,52.4
3.3,45.4,31.3
6.2,49.9,65.2
2.6,47.0,74.8
5.8,45.9,48.9
6.6,46.3,55.5
4.8,47.9,53.1
6.4,45.1,60.2
3.2,49.4,58.2
5.6,46.7,61.3
5.9,46.2,72.6
4.4,47.2,67.8
5.0,45.7,69.3
2.4,49.5,28.7
3.4,50.0,32.8
2.4,46.9,40.8
3.2,45.3,34.0
6.5,50.0,63.0
2.2,49.1,44.5
4.5,48.1,94.2
4.6,49.2,31.7
3.4,48.4,25.5
5.9,48.2,68.6
4.9,45.6,56.7
3.0,49.1,45.4
4.4,49.4,36.3
2.1,48.4,34.5
2.1,45.2,60.8
5.7,47.3,79.7
2.9,49.8,42.5
6.8,49.5,35.9
3.8,49.3,32.8
5.5,47.6,27.9
4.3,45.8,44.7
4.0,47.0,30.5
5.3,48.9,51.6
5.1,49.1,69.4
6.4,49.7,52.3
2.4,47.4,42.3
4.5,48.3,61.7
5.0,45.7,28.5
5.2,48.1,26.3
5.1,47.7,41.3
3.8,46.9,51.0
2.2,45.5,55.6
5.6,45.4,63.9
2.2,47.2,58.2
4.4,47.6,79.0
5.6,45.4,72.1
3.4,46.4,63.1
2.1,48.6,64.8
2.5,48.9,5.1
2.7,48.6,46.1
5.3,46.4,47.7
5.3,49.8,50.1
6.9,46.6,45.4
3.6,49.2,47.1
2.7,48.4,60.9
2.9,47.1,72.0
2.2,46.7,61.7
6.1,48.0,69.8
2.4,46.2,65.5
6.5,47.3,25.3
2.2,48.0,42.2
6.1,48.7,34.8
3.0,46.1,39.2
2.1,45.3,66.1
5.5,45.9,40.1
2.0,48.2,56.7
3.5,49.0,34.9
2.3,46.1,46.3
2.6,47.8,50.6
2.6,46.9,83.7
5.6,45.1,22.4
6.9,45.5,69.9
3.2,45.2,66.1
4.0,47.4,40.6
3.9,48.7,41.6
3.3,45.3,28.1
5.6,46.4,67.6
3.4,45.2,36.0
4.6,46.0,69.3
2.6,48.1,66.1
6.2,47.2,44.3
5.4,46.2,47.3
4.7,46.4,37.5
5.1,45.6,53.8
3.1,48.2,44.8
6.2,48.9,65.9
2.6,47.9,39.3
6.4,47.0,22.3
5.1,45.9,48.9
6.7,48.6,42.9
3.4,45.5,20.7
6.7,46.2,48.9
5.2,48.5,67.6
2.0,45.2,57.4
2.5,47.7,63.1
5.0,45.7,42.3
2.5,48.1,31.2
5.7,49.7,92.4
5.4,47.1,71.5
2.9,45.3,38.5
5.2,45.2,79.3
4.8,49.7,50.6
3.2,47.3,61.9
5.5,49.5,56.3
3.3,47.1,50.1
6.3,46.5,48.8
4.0,46.4,43.3
4.5,47.6,26.3
5.3,48.7,47.7
6.4,48.0,36.1
4.3,48.1,65.5
5.3,45.7,38.5
5.0,48.0,43.7
2.4,46.1,87.2
5.2,48.9,63.2
2.2,46.0,73.4
4.5,46.5,46.4
2.5,45.5,46.7
5.0,49.5,38.7
5.6,46.2,59.1
5.9,45.5,46.9
5.0,46.3,65.8
6.9,47.0,83.4
3.8,45.9,47.2
2.1,47.4,48.8
6.1,49.9,61.9
4.3,49.8,58.8
4.7,45.8,45.1
6.2,48.7,79.4
3.3,46.2,51.1
3.6,49.8,19.6
2.5,47.1,57.6
5.4,46.9,42.2
3.1,49.9,22.5
6.3,47.6,41.1
5.1,45.8,50.0
6.6,47.9,43.8
2.3,48.7,22.9
7.0,48.5,43.1
4.0,48.7,57.7
4.7,48.8,43.1
5.2,49.7,76.8
4.4,48.0,62.3
4.6,47.7,26.8
4.1,49.0,46.0
2.9,45.4,35.8
6.8,46.8,47.2
6.0,48.1,60.4
5.0,47.0,30.6
2.3,48.6,26.7
6.5,47.7,32.6
2.4,48.7,51.7
5.9,48.9,67.9
2.3,47.5,70.4
5.8,48.7,25.2
6.2,45.9,67.3
4.2,46.9,55.7
4.8,48.9,48.0
6.2,45.1,65.7
6.9,46.3,38.5
2.1,46.7,42.1
2.6,49.3,68.0
6.3,45.6,70.4
5.4,46.1,7.4
3.4,47.3,57.5
4.2,47.1,35.7
2.6,47.2,80.4
2.1,46.7,61.4
5.7,45.4,49.2
5.6,47.3,60.5
5.5,46.7,40.3
6.4,48.6,65.3
3.4,49.9,42.0
4.1,48.1,72.8
3.3,48.2,31.1
5.1,45.3,57.1
5.2,48.2,31.3
4.0,47.2,43.9
6.7,45.6,55.5
4.4,49.5,40.4
6.6,47.3,30.4
5.7,49.7,60.9
6.7,48.8,61.1
5.8,48.0,35.4
3.1,49.8,33.6
5.4,45.5,53.4
3.2,47.4,77.6
3.5,47.6,48.8
3.1,47.0,76.4
4.5,49.0,31.6
4.2,46.4,41.4
6.5,46.3,56.1
5.0,45.4,56.2
3.8,48.7,38.3
5.1,46.8,38.2
3.7,45.7,80.0
6.2,47.7,43.6
2.4,49.7,41.1
3.1,49.8,46.7
2.5,46.3,68.6
6.3,47.1,54.6
3.4,46.0,27.9
7.0,47.5,30.1
2.8,47.9,38.1
3.6,47.2,57.2
6.5,47.5,36.0
5.2,48.3,25.9
4.5,46.8,43.3
2.8,49.0,42.1
6.0,48.9,26.2
3.7,45.9,72.4
5.8,47.2,38.9
4.9,49.7,41.6
5.1,45.7,64.7
3.6,45.2,19.8
2.4,48.2,56.5
5.0,48.1,66.5
5.7,47.5,55.4
4.9,49.5,81.8
5.0,48.0,37.9
5.5,48.1,39.5
2.2,49.2,46.6
3.1,45.2,50.8
5.1,48.6,34.9
2.7,45.4,57.6
3.4,46.9,48.1
2.2,47.6,42.7
3.1,48.4,30.6
2.1,45.3,71.9
6.1,49.0,54.7
4.9,48.3,40.4
4.7,45.8,21.6
2.0,48.2,70.9
6.3,48.6,42.9
2.0,47.4,41.9
5.9,47.2,38.7
3.1,48.9,70.8
6.1,49.3,67.7
2.6,45.1,47.2
4.7,45.3,61.2
2.1,49.2,51.0
4.8,49.7,28.7
2.7,47.2,46.2
6.0,47.7,42.3
3.2,45.5,38.4
2.6,46.5,50.9
2.2,48.6,43.4
4.9,47.4,101.2
5.3,49.1,45.2
6.5,46.4,62.7
2.3,47.1,39.3
4.0,49.1,49.5
2.8,49.3,33.7
4.5,47.1,65.6
3.2,47.3,50.8
4.1,46.2,48.6
3.8,47.1,47.4
5.5,47.5,36.3
5.7,46.5,80.0
4.1,45.6,70.1
3.2,46.8,74.6
6.0,48.0,71.7
6.2,45.7,59.2
4.7,49.2,70.8
3.2,47.7,50.4
5.9,46.6,26.1
3.8,47.4,13.5
6.6,46.1,94.6
3.3,46.5,47.1
6.7,46.0,46.9
4.1,47.3,31.2
5.8,46.8,65.6
3.0,46.7,54.2
5.1,49.5,59.8
4.9,46.5,52.1
4.1,46.0,61.1
5.7,45.8,62.5
6.1,45.0,58.7
5.6,46.6,50.0
6.1,48.2,45.1
5.7,48.2,48.1
2.7,50.0,51.2
5.9,49.6,60.6
3.0,45.7,24.7
2.5,49.3,50.0
6.5,45.5,75.9
5.0,47.2,48.3
2.9,47.5,37.9
5.2,49.7,67.2
3.7,47.8,53.9
2.7,49.0,29.5
6.0,49.9,57.6
2.5,49.1,43.4
6.8,46.1,50.4
5.9,46.1,42.1
5.6,46.6,59.2
3.2,49.3,43.8
5.8,48.3,36.4
2.1,47.1,53.7
4.8,46.6,33.7
3.6,46.7,71.5
6.2,48.1,36.4
5.8,45.0,57.2
4.4,45.8,61.1
4.4,49.0,61.1
2.4,45.8,41.1
3.2,49.2,58.3
5.5,46.6,51.3
2.3,49.8,56.7
5.9,45.9,68.8
6.9,45.2,88.1
2.4,49.1,30.5
4.3,46.3,37.5
4.9,45.6,46.9
6.1,49.5,68.4
2.8,48.3,72.0
3.8,45.2,62.7
6.2,45.8,61.6
4.6,48.7,58.4
2.8,49.4,54.6
6.3,47.4,16.6
6.7,49.8,91.3
5.7,47.1,40.8
6.9,49.7,71.6
6.6,46.6,66.1
2.6,47.6,53.9
4.0,45.2,41.7
5.0,48.6,25.6
5.7,48.2,79.6
4.7,46.6,46.3
5.2,45.2,74.3
2.6,49.6,26.5
4.0,47.3,50.4
2.0,47.9,53.3
5.3,46.9,27.1
2.8,46.9,45.1
4.0,46.0,20.1
4.5,47.5,54.7
5.3,49.5,57.4
5.8,49.9,50.6
5.6,48.8,41.9
4.8,49.9,45.6
4.6,48.1,63.9
6.3,45.9,65.0
6.3,49.3,74.7
2.3,49.3,48.0
3.4,47.3,52.2
6.6,48.0,57.9
5.0,47.7,62.4
2.7,48.0,24.3
2.4,48.7,33.0
2.5,48.6,21.1
5.8,49.1,54.9
3.1,45.8,37.1
3.2,47.7,82.6
2.7,45.5,49.6
5.0,48.5,64.9
4.6,49.2,56.3
3.4,48.4,38.3
5.3,48.1,60.7
5.9,46.5,66.8
6.9,49.5,59.8
4.4,47.1,56.5
4.1,49.8,53.6
3.5,49.8,22.9
5.9,46.2,70.1
6.9,48.6,76.5
5.0,45.6,43.1
5.2,49.5,63.8
5.4,45.7,50.7
4.1,45.6,44.0
3.1,49.2,52.3
3.3,46.0,47.2
5.1,47.3,47.1
5.2,46.0,23.0
4.3,48.2,63.8
2.2,48.5,67.1
6.4,47.1,21.2
3.2,48.7,51.1
4.9,45.5,64.4
5.7,49.3,52.6
2.9,48.7,69.5
4.4,45.8,60.7
2.0,46.0,59.5
2.2,46.8,36.2
3.3,48.3,53.7
5.3,48.5,35.8
6.4,49.7,49.1
4.1,46.7,54.0
2.1,47.0,46.3
3.5,48.5,37.9
6.8,46.8,80.0
2.6,48.4,45.1
5.8,47.8,38.4
5.7,45.7,42.5
4.9,47.1,74.1
6.7,45.2,65.4
5.2,49.0,80.9
6.8,49.7,64.1
6.1,49.4,24.9
6.0,47.0,47.5
6.8,46.0,27.3
5.1,47.0,40.4
3.6,46.3,39.0
2.5,49.7,61.9
5.5,48.1,51.7
4.6,47.5,34.7
3.9,47.7,55.6
6.7,45.7,78.1
6.6,49.6,61.5
3.9,45.5,35.4
6.7,46.8,36.4
4.2,46.9,56.8
3.0,49.0,57.2
5.1,46.4,65.7
2.5,47.6,56.5
2.8,49.1,36.9
6.1,49.7,77.8
6.1,46.8,50.6
3.2,47.1,87.8
5.7,45.3,69.9
6.9,46.4,46.4
6.8,48.0,52.1
4.2,46.8,37.0
6.3,45.3,56.7
4.8,45.2,62.7
4.8,45.2,46.1
3.2,46.3,45.6
3.9,47.8,53.3
3.1,47.2,51.3
5.7,47.3,54.7
5.2,48.7,33.9
6.0,46.1,40.1
5.1,49.6,36.0
3.4,45.1,64.5
6.8,49.2,53.4
5.3,48.4,49.4
4.4,45.8,62.7
5.9,45.7,51.9
3.3,45.2,68.0
6.1,46.9,29.9
3.7,47.6,62.8
2.4,48.0,68.3
5.9,47.0,72.1
3.0,45.5,56.2
5.2,46.8,62.2
3.3,47.8,45.6
5.4,49.3,65.6
2.6,47.1,55.1
5.1,46.2,41.6
3.0,49.2,36.8
4.5,47.2,57.6
6.4,49.6,62.3
4.4,47.1,55.1
5.9,45.6,29.6
2.7,48.0,36.0
5.3,49.0,56.1
2.8,48.7,36.8
5.8,49.7,71.1
5.6,45.5,18.7
4.0,49.7,65.5
4.4,46.1,54.3
2.8,47.5,72.5
5.2,49.4,72.4
6.6,46.7,54.0
4.8,46.6,8.8
3.6,48.0,70.4
4.0,45.6,47.6
3.1,50.0,40.0
4.2,47.1,55.8
4.5,45.7,21.0
6.7,49.4,43.0
4.1,45.3,-4.3
6.3,49.4,56.5
2.8,46.4,74.3
4.7,47.0,49.1
5.0,46.4,55.0
5.0,45.2,65.8
4.5,49.8,24.0
5.8,45.4,59.2
2.9,45.1,61.7
2.3,48.8,43.6
2.7,48.6,39.8
4.8,46.7,63.1
3.2,45.0,31.0
5.7,45.1,76.7
2.3,45.9,47.5
6.5,48.0,71.7
6.8,46.3,62.8
5.9,46.4,37.3
6.4,49.8,69.9
3.9,49.5,35.7
2.8,45.6,33.5
3.0,48.0,44.0
4.5,46.2,54.1
5.3,45.1,28.7
4.8,45.8,50.4
2.5,45.5,35.6
5.6,49.0,72.3
5.9,45.2,80.7
2.1,45.2,70.2
4.3,48.0,77.7
4.2,49.6,13.3
2.3,45.0,82.9
2.9,48.6,57.1
6.1,46.8,65.5
4.9,47.2,98.1
3.1,46.9,63.3
4.3,48.1,34.5
6.3,45.6,59.6
2.5,45.6,58.7
6.8,46.7,43.6
2.7,45.5,33.3
3.5,49.4,65.9
2.9,50.0,43.9
4.3,49.8,40.6
3.6,47.6,57.9
6.9,49.0,61.3
2.1,49.9,77.0
3.6,48.5,75.6
5.0,49.6,63.8
3.7,45.8,45.7
4.3,49.7,60.3
4.1,45.8,48.1
2.4,45.3,55.0
5.2,49.9,57.7
6.2,49.9,48.1
4.6,45.5,49.7
2.7,47.1,62.9
4.4,48.2,72.1
2.1,49.3,76.9
6.5,46.9,77.2
3.2,49.6,39.2
6.5,45.7,42.5
4.9,45.2,58.0
6.9,47.0,42.9
6.2,47.6,38.0
2.1,49.6,59.6
2.1,49.5,53.7
5.7,47.2,29.2
4.6,49.3,38.6
5.8,45.8,80.3
4.9,46.1,39.0
3.2,47.6,53.4
5.9,45.2,87.2
2.2,48.8,39.8
6.0,47.7,43.6
5.3,45.7,30.0
5.4,47.6,73.6
2.2,47.5,75.8
3.0,48.2,31.9
4.4,45.3,44.6
4.2,46.8,55.1
2.1,49.0,40.1
3.7,45.1,55.2
6.8,48.2,42.8
3.5,46.7,59.1
5.2,48.4,51.3
5.4,46.5,50.6
5.1,49.5,24.0
3.4,46.5,43.1
4.9,49.2,36.8
5.5,45.9,53.0
3.9,49.9,39.9
3.4,46.8,51.3
3.4,47.5,59.0
6.6,49.2,58.9
5.2,45.4,32.2
5.8,45.8,37.5
4.8,46.7,72.5
5.2,46.9,59.1
3.4,49.1,50.9
6.5,46.1,67.2
4.5,49.1,46.2
6.0,48.7,49.0
4.6,49.1,54.1
2.6,49.2,64.1
2.6,48.7,67.6
4.3,45.9,40.4
4.1,47.4,72.4
6.6,48.9,52.5
2.7,46.1,56.4
5.4,49.1,40.5
6.6,48.4,31.5
4.1,48.9,62.7
6.4,45.5,89.7
2.7,47.8,47.9
2.5,48.7,65.4
3.2,47.8,46.4
4.6,45.5,51.2
5.2,49.7,54.0
5.9,48.2,46.2
5.8,47.5,41.7
2.6,46.8,37.8
6.4,46.2,72.4
2.6,47.6,44.3
6.5,45.3,81.3
6.8,49.7,44.5
4.9,45.9,34.1
5.5,46.6,59.8
3.8,49.1,61.6
4.8,49.8,67.4
6.2,47.6,19.2
2.8,48.7,40.2
4.5,49.7,69.5
4.0,45.3,26.1
6.3,45.0,60.9
2.7,49.0,40.6
6.5,47.4,27.6
3.3,48.5,17.5
5.0,47.0,70.8
3.9,45.7,28.6
6.7,45.3,63.5
3.0,49.5,28.3
4.5,49.2,55.2
3.1,49.1,54.7
6.0,46.2,27.2
3.4,49.9,22.8
6.8,49.4,41.2
6.6,47.5,39.7
4.4,49.8,23.5
2.1,48.6,43.1
6.8,45.1,69.9
5.4,49.9,54.7
4.5,47.8,68.3
5.0,45.4,18.0
2.6,46.8,38.6
2.8,47.0,70.4
5.2,49.2,73.6
2.2,45.1,31.8
5.5,48.2,74.1
6.6,49.5,78.7
5.5,48.3,59.3
4.8,46.9,69.4
6.0,47.3,32.8
5.7,49.6,52.2
5.0,45.4,74.5
3.0,47.2,67.5
2.0,48.0,64.8
4.3,45.6,68.5
3.2,48.0,46.6
3.1,45.5,38.8
4.5,49.9,42.4
3.9,46.4,62.4
4.5,47.5,50.2
3.3,49.9,27.7
5.1,46.4,63.7
5.1,47.4,37.0
3.0,48.4,41.5
4.8,49.6,49.1
4.2,47.2,86.0
6.8,46.5,49.8
5.6,47.1,31.7
2.9,47.0,32.5
6.4,47.8,14.7
4.4,45.8,57.0
6.2,45.3,51.0
6.2,45.0,42.4
2.1,46.4,43.7
3.2,46.6,44.4
6.6,49.8,30.2
5.8,46.1,63.1
2.7,47.7,55.2
3.1,49.3,68.6
5.1,48.7,58.1
3.4,45.3,24.0
3.0,46.9,43.3
6.9,48.3,62.6
4.3,45.0,44.4
4.6,49.8,48.7
5.3,46.2,14.2
2.4,47.4,49.7
4.0,45.4,57.4
6.5,45.8,37.2
6.7,46.7,57.9
4.5,45.6,49.3
6.5,46.2,26.0
4.5,47.5,58.3
6.9,47.9,26.7
5.9,49.2,41.7
6.2,46.3,59.6
2.9,48.9,36.9
2.0,49.9,66.8
4.5,49.7,39.3
6.9,45.7,40.4
6.8,47.2,23.1
5.1,48.3,53.1
2.9,45.4,45.8
2.0,47.0,51.6
4.5,49.5,67.1
3.5,49.3,53.8
3.7,45.2,55.9
6.2,48.9,55.4
2.4,48.9,25.4
2.5,45.4,44.3
4.2,48.3,33.4
4.1,48.8,37.6
2.3,46.0,64.3
4.7,48.7,57.9
4.2,49.3,43.5
7.0,47.7,55.2
2.3,45.9,62.6
2.6,49.7,39.6
2.8,47.3,68.8
3.6,48.8,26.6
5.3,49.0,43.0
6.8,48.4,52.5
6.5,45.8,53.9
4.2,49.6,54.3
2.4,49.2,52.9
5.2,47.9,48.7
4.1,47.8,74.9
2.1,46.7,45.2
6.1,49.6,82.9
4.6,47.7,67.2
4.2,47.7,79.2
5.6,48.1,57.3
6.3,47.0,9.2
6.7,46.6,52.7
3.7,48.9,54.9
2.9,48.8,55.6
3.7,47.9,53.4
6.9,48.3,81.3
2.5,48.0,72.3
6.8,47.3,31.8
5.1,49.1,28.8
2.0,45.7,31.0
6.3,49.0,69.1
5.4,46.2,33.1
2.7,45.5,55.4
3.7,49.7,38.1
6.4,48.1,54.4
5.6,48.1,46.4
3.6,49.6,35.8
6.0,46.1,71.6
3.3,47.6,67.7
4.7,50.0,50.9
6.7,46.9,50.8
4.2,49.5,40.5
4.8,48.5,34.1
5.9,48.2,54.6
3.0,45.7,47.5
4.2,48.9,31.2
6.6,45.4,70.1
5.3,45.9,52.3
5.5,49.0,39.7
6.8,47.5,56.8
4.9,47.6,56.6
6.4,47.7,20.8
7.0,45.9,54.0
5.4,46.2,61.6
5.4,49.5,58.9
2.9,47.6,43.0
4.3,47.7,57.6
5.7,45.9,55.7
3.7,49.0,34.4
2.6,48.7,4.2
2.1,46.0,89.3
5.3,47.6,50.8
2.2,49.5,57.6
4.4,45.5,37.4
6.4,48.1,44.6
6.1,48.1,67.7
5.6,45.3,60.3
6.3,48.5,30.2
5.7,45.4,83.4
2.1,46.3,49.9
4.4,49.6,38.1
2.1,48.6,37.8
4.8,46.8,48.8
3.2,46.9,54.8
4.2,45.0,55.0
3.0,45.2,53.4
6.1,49.4,66.7
2.9,45.6,52.1
3.6,48.9,82.6
2.1,45.5,34.8
3.5,47.8,63.7
2.1,46.0,67.6
4.2,49.8,45.9
2.1,49.9,49.9
3.9,46.8,41.2
5.0,49.1,40.0
6.6,46.4,55.7
4.8,48.7,27.0
4.6,45.9,63.8
2.2,48.2,60.8
3.9,49.8,19.3
4.0,45.9,31.9
3.6,45.8,88.6
6.4,47.2,41.9
4.0,49.8,49.2
3.1,47.2,94.7
5.9,46.0,38.5
6.1,45.1,39.3
3.7,46.8,45.1
6.1,48.7,42.5
5.5,46.4,56.6
2.6,47.2,68.7
3.8,45.9,91.0
6.3,48.5,61.6
3.9,47.2,53.4
6.3,45.5,49.9
4.2,46.7,87.3
4.8,48.6,59.8
3.9,48.3,36.1
5.1,48.8,46.9
4.6,49.5,60.2
6.2,47.6,29.3
6.8,45.7,83.4
3.4,47.4,50.3
2.8,45.0,40.5
3.6,47.7,62.9
5.6,49.6,38.7
3.1,49.9,54.5
3.6,49.9,42.6
6.7,46.1,64.8
5.8,48.4,51.9
6.8,46.5,49.7
2.4,46.5,72.4
4.4,47.0,49.5
6.5,48.3,60.5
4.2,45.7,55.8
5.4,47.9,49.2
2.9,49.2,47.8
3.2,48.2,38.5
4.1,47.5,62.5
3.6,46.5,36.4
5.2,45.9,16.3
6.1,45.8,66.2
3.8,47.1,28.2
5.8,48.5,68.5
3.4,47.2,46.8
4.0,48.3,62.7
2.2,49.9,52.7
2.7,49.7,49.6
2.6,46.6,63.2
4.9,47.2,73.9
5.1,45.6,37.6
2.3,46.8,39.5
4.8,49.0,8.8
5.8,49.2,72.6
4.5,45.3,37.3
4.3,47.7,61.3
5.2,48.5,60.1
3.9,48.1,93.6
5.0,48.5,26.1
6.6,49.9,45.1
6.3,45.6,53.3
5.7,48.6,21.3
6.4,49.2,56.1
3.5,49.0,45.7
5.8,48.0,43.1
3.5,48.7,42.9
4.6,45.8,46.6
4.4,48.1,59.8
2.2,47.0,50.8
4.9,48.6,41.0
4.5,49.1,57.7
4.6,47.5,62.8
2.2,45.2,40.4
3.9,46.8,45.5
4.1,47.6,52.2
5.7,45.4,36.3
5.7,45.5,48.1
3.9,46.1,41.9
4.0,49.3,43.8
5.6,48.2,45.2
4.1,48.7,35.9
5.0,48.9,57.9
3.3,48.3,39.4
2.3,48.0,48.1
5.5,47.7,25.8
5.3,48.8,38.9
2.4,48.0,42.2
2.1,47.5,82.6
2.0,48.8,21.6
2.6,46.3,45.4
3.1,45.1,31.2
6.3,49.5,77.6
4.2,49.8,72.2
5.3,48.4,39.0
6.8,48.9,85.6
4.2,45.2,45.0
6.0,45.8,55.5
3.9,49.4,37.0
5.7,47.1,22.3
3.3,45.2,40.8
6.4,45.9,53.3
2.3,47.8,52.2
4.3,47.6,58.7
6.9,46.2,61.7
2.7,49.9,65.6
2.5,48.8,75.1
3.7,48.5,66.0
2.7,48.0,36.5
5.4,48.9,28.7
5.1,45.6,41.7
4.6,49.5,53.2
6.9,49.0,47.8
3.6,49.7,34.4
4.2,45.5,46.1
4.3,45.0,26.8
5.5,48.9,64.2
3.1,49.9,6.2
5.8,48.7,60.9
2.9,49.7,78.5
6.9,47.2,45.4
6.8,46.1,45.9
4.0,49.5,42.9
6.4,45.0,56.6
4.0,47.9,69.2
4.7,48.4,52.3
5.7,45.2,42.8
5.8,49.6,70.7
6.4,49.6,44.1
4.3,49.8,42.9
5.0,49.1,61.5
4.8,47.3,75.9
4.5,47.7,55.6
5.5,48.8,60.2
3.3,47.6,53.0
2.3,48.0,62.1
4.6,49.2,52.9
4.1,45.6,58.0
4.6,49.6,58.0
5.1,46.2,52.4
3.8,45.1,27.3
3.5,45.1,30.1
5.4,49.5,51.6
4.0,48.6,41.8
6.2,49.4,85.7
5.8,47.6,35.9
6.5,47.8,35.8
2.5,45.7,50.6
2.8,49.8,34.9
5.0,46.9,41.9
5.5,47.7,52.7
3.1,46.6,55.5
2.1,46.2,61.8
6.3,47.6,46.0
5.9,47.6,76.7
6.6,49.9,61.2
3.4,47.7,33.2
4.5,49.0,45.7
5.6,49.0,58.0
5.1,48.2,48.2
2.1,46.4,47.9
4.5,49.3,17.6
6.9,47.9,38.3
3.2,49.5,55.7
4.3,45.3,57.1
6.0,45.3,47.8
3.3,48.9,75.2
4.0,45.6,50.2
5.5,46.9,54.0
4.2,46.1,57.3
6.8,47.5,37.2
6.3,45.9,41.8
3.4,49.4,31.2
2.0,49.7,44.2
4.7,47.9,44.7
6.3,46.0,65.0
6.5,48.5,64.5
2.6,48.8,20.9
6.5,46.8,16.1
4.5,46.8,57.7
6.9,47.2,54.8
6.0,45.3,52.4
2.8,47.0,41.4
4.6,46.3,34.2
6.4,46.3,37.5
6.1,45.7,49.6
6.8,47.2,67.0
6.2,47.1,36.5
7.0,45.9,57.0
4.6,46.4,32.9
5.0,45.3,64.0
2.3,46.7,45.7
4.0,46.1,59.6
3.6,47.6,56.2
6.6,46.2,41.3
3.7,47.3,52.3
6.4,49.1,60.0
3.2,48.4,23.4
4.9,47.2,50.9
4.7,45.5,35.1
2.5,45.1,38.8
3.6,48.6,60.2
6.9,46.1,33.3
5.0,49.3,47.2
6.1,45.4,53.2
5.6,47.8,49.5
6.5,47.4,74.3
3.7,48.9,52.7
3.1,49.5,61.3
2.4,46.7,75.3
6.2,45.2,33.8
4.6,45.9,48.2
5.6,45.7,50.6
2.3,45.5,28.8
6.2,46.4,55.5
4.9,47.9,46.0
2.6,47.1,28.0
4.5,49.3,67.8
5.0,47.3,63.8
3.7,46.4,59.4
5.6,49.7,66.3
4.9,45.1,40.8
6.2,48.2,68.0
6.3,45.8,56.4
2.3,47.5,63.8
5.2,49.6,34.2
5.6,46.0,69.1
2.7,46.5,40.7
6.4,46.7,42.2
6.3,49.8,61.8
2.7,48.2,75.6
6.4,46.3,40.0
5.2,48.7,53.8
5.9,45.9,48.7
6.0,45.9,93.3
2.8,46.3,49.3
2.3,49.7,82.2
5.2,46.1,74.5
3.7,48.4,37.2
3.3,47.6,70.7
2.6,45.7,45.5
6.3,48.5,41.3
4.9,46.8,41.9
6.2,49.5,29.0
4.8,45.1,65.9
2.2,46.8,61.3
3.1,46.9,64.6
6.1,48.1,37.3
3.0,47.9,31.2
6.6,48.5,44.3
3.6,49.9,35.8
4.1,49.4,41.2
5.3,46.4,52.6
6.0,46.6,75.8
5.8,46.7,49.5
6.1,49.2,49.5
4.5,45.0,52.1
3.6,45.5,59.4
3.1,45.4,64.5
6.8,45.8,51.7
4.9,47.8,25.1
6.8,45.8,53.8
4.5,49.0,19.8
3.9,49.1,23.5
5.1,46.7,46.4
7.0,46.1,53.6
6.3,45.7,61.5
4.0,47.7,48.8
2.2,47.4,49.1
4.0,45.0,42.2
5.8,46.5,54.1
2.0,47.5,41.8
6.2,45.8,41.1
3.3,46.4,34.2
3.8,48.7,14.3
6.6,46.9,80.4
3.9,45.9,29.9
4.4,49.0,39.5
4.2,48.2,72.1
3.8,48.1,47.0
2.4,45.4,55.7
4.1,47.0,61.0
4.5,46.2,75.8
3.1,48.0,64.6
6.1,45.3,30.8
4.5,48.4,56.1
3.2,48.0,69.6
2.5,46.9,49.6
4.9,47.1,71.9
4.4,47.3,56.0
5.6,46.2,59.0
6.9,47.3,70.9
3.0,47.1,64.6
5.7,48.6,62.2
4.2,47.3,59.0
4.0,47.7,63.2
3.4,47.4,48.6
3.8,48.2,39.4
2.6,46.6,80.9
4.3,45.3,61.5
4.9,46.2,30.8
3.4,48.6,24.5
4.3,46.3,51.8
4.4,48.9,44.7
5.3,46.6,47.8
4.9,45.5,58.9
6.7,46.1,47.7
4.6,48.5,49.3
5.0,49.2,64.7
4.7,49.5,51.5
3.7,47.2,53.1
2.8,48.4,47.3
2.1,47.3,40.4
3.1,48.1,67.2
4.8,47.7,41.1
2.1,47.9,26.1
3.6,45.4,29.6
2.2,45.2,41.8
5.4,47.0,61.0
4.6,48.1,47.2
6.5,46.3,33.5
5.1,46.4,34.1
5.5,49.3,47.8
6.4,49.9,61.4
6.5,49.7,108.1
3.8,47.3,74.6
4.9,48.3,58.5
4.0,49.1,40.4
4.8,48.8,65.2
6.7,48.0,61.5
7.0,45.4,66.2
4.4,45.4,43.5
2.3,45.1,23.7
6.8,47.5,30.9
2.6,48.8,37.1
2.1,49.2,40.4
5.5,47.7,57.8
6.2,46.0,64.1
5.1,47.5,38.0
5.0,48.0,-7.4
3.6,47.2,73.6
5.1,49.3,65.6
6.1,47.9,52.9
3.6,48.6,77.1
4.3,49.0,40.6
5.2,46.6,55.6
5.9,47.8,35.3
5.2,48.4,53.5
2.8,49.7,37.1
4.6,47.8,54.6
4.2,49.4,52.1
5.2,48.1,38.6
5.2,45.7,37.2
2.5,46.9,37.7
2.7,48.0,38.7
2.4,47.7,75.5
2.5,47.8,38.2
4.6,49.9,39.5
2.0,47.6,56.5
5.9,47.7,48.0
4.8,49.6,28.1
5.6,46.0,44.2
4.4,48.1,64.1
6.5,49.3,43.0
6.1,46.2,66.0
4.5,45.7,32.4
3.2,45.6,76.3
2.6,49.7,52.7
6.2,45.3,64.9
5.4,45.5,33.5
3.3,46.0,52.0
5.6,47.3,69.4
3.5,48.9,62.1
3.3,45.5,38.9
5.7,49.3,51.5
5.7,45.9,50.8
6.1,49.7,66.6
6.2,46.4,43.1
4.7,46.5,26.6
3.3,45.5,65.5
5.0,45.3,55.2
3.5,47.5,84.8
6.0,49.3,61.1
2.6,45.4,70.6
3.6,45.3,44.4
2.2,47.2,47.9
4.2,47.1,60.3
2.7,49.3,60.8
6.9,45.9,65.4
3.8,49.0,66.0
5.9,46.5,64.1
6.1,45.2,32.2
2.5,46.8,38.9
5.3,47.0,51.0
3.7,48.1,71.3
3.5,46.2,62.7
5.8,45.1,37.2
3.3,45.7,72.9
3.5,46.2,64.0
5.8,49.7,53.1
3.7,46.4,16.1
4.0,49.5,19.5
5.7,47.9,35.9
2.7,46.5,41.1
5.5,48.4,61.4
3.6,45.4,64.2
6.2,49.1,67.6
5.1,47.9,39.5
2.0,47.4,71.2
2.7,47.5,24.1
5.8,49.4,20.8
3.1,45.6,24.1
2.1,46.0,55.4
5.7,48.6,42.7
5.4,46.9,55.0
3.1,46.6,42.3
5.1,47.7,40.6
5.1,46.9,60.4
6.7,48.4,44.4
2.5,46.2,67.9
2.9,45.5,51.0
3.5,46.0,31.0
5.8,47.2,33.3
4.4,47.6,59.2
3.8,48.1,54.2
3.9,49.6,57.5
4.5,46.8,39.4
3.6,49.2,32.8
5.4,45.5,45.4
2.1,49.3,56.4
5.0,45.6,60.5
3.8,48.4,81.5
4.4,46.5,50.1
5.8,49.9,47.5
2.2,49.0,44.2
3.1,48.7,33.0
4.6,47.6,69.8
5.1,47.1,66.0
2.9,47.1,61.3
3.0,45.6,16.8
5.1,49.1,38.6
5.6,45.6,61.9
4.2,46.3,58.5
4.2,49.5,54.3
4.0,46.0,39.0
3.3,46.1,63.8
6.9,45.3,66.4
5.1,49.2,50.6
3.8,47.0,38.8
3.3,47.1,49.2
3.3,45.4,62.9
3.6,49.5,57.8
4.8,46.7,69.2
4.9,48.2,23.4
5.3,46.9,54.2
2.1,48.3,61.8
4.9,46.0,39.6
4.9,45.3,47.6
6.6,48.9,86.7
3.2,48.3,79.1
2.2,47.0,38.8
6.7,45.2,66.9
4.8,49.1,46.6
2.5,49.4,55.6
3.6,46.4,33.6
4.0,47.0,88.4
5.8,49.5,70.2
3.3,48.8,48.0
6.7,48.8,59.5
4.9,46.7,64.1
2.5,49.1,46.8
4.5,46.3,60.6
4.9,46.5,63.2
6.8,48.0,64.7
6.6,46.0,74.4
6.7,45.4,64.3
5.2,47.0,49.6
5.2,47.7,56.3
5.4,45.9,53.5
2.2,49.5,47.5
3.3,45.5,67.4
3.3,48.2,40.0
5.9,49.2,90.9
2.9,47.7,42.7
5.7,49.0,44.9
4.1,49.0,64.2
3.4,46.7,54.3
6.5,49.2,45.0
3.5,48.1,77.1
5.9,49.7,63.7
5.8,46.5,46.1
3.9,45.1,42.0
3.6,48.8,52.4
2.0,45.6,48.9
4.3,48.7,46.5
2.9,45.9,50.6
2.1,48.2,44.6
5.1,46.8,55.4
2.6,49.3,60.5
3.5,46.1,39.9
5.6,45.7,48.8
5.7,46.5,52.6
6.8,48.9,64.9
6.5,47.4,14.9
4.6,45.4,46.1
6.7,45.9,45.1
3.7,45.4,39.0
4.8,47.6,48.4
4.7,47.5,51.2
2.1,46.4,39.2
2.2,45.2,48.8
3.2,48.6,57.8
6.7,45.4,84.1
6.5,47.8,19.4
5.2,48.2,47.2
2.3,49.7,32.2
6.8,49.9,40.4
2.3,48.0,27.9
4.5,46.2,57.4
5.1,50.0,43.3
5.5,47.8,41.5
6.6,45.8,53.4
3.7,49.3,26.0
3.9,47.4,60.8
4.7,49.0,53.9
3.2,46.1,35.8
4.7,49.5,54.9
3.7,47.5,69.9
6.6,47.6,39.3
3.5,48.0,60.7
5.2,48.2,27.4
3.9,45.3,51.7
6.9,45.9,46.0
6.5,49.0,39.5
3.6,45.5,43.5
2.0,46.1,51.3
3.5,47.6,72.0
4.5,48.9,55.4
3.7,45.9,31.4
5.3,48.2,42.8
3.7,46.7,78.7
3.6,46.7,61.3
6.5,45.5,64.7
3.5,48.1,60.7
5.0,48.6,39.0
4.6,45.9,72.4
3.3,46.5,60.2
2.7,49.0,55.9
3.8,49.9,41.6
3.6,45.3,50.1
3.8,47.5,43.9
6.1,47.4,43.5
4.7,47.9,47.3
6.9,47.0,12.7
3.5,45.8,43.8
3.2,47.0,43.7
2.2,47.0,39.6
6.3,48.1,54.2
4.4,48.8,39.4
3.5,49.7,40.3
2.1,49.6,38.1
5.1,45.1,69.8
3.5,45.4,70.6
5.3,47.9,58.4
2.6,46.9,76.8
4.6,46.6,49.3
2.7,47.2,76.4
5.3,49.2,75.8
5.7,46.4,49.8
6.0,49.0,41.4
6.0,46.5,37.0
6.4,45.7,63.5
6.3,46.6,7.3
6.1,49.0,75.2
3.2,46.5,63.6
6.4,46.8,47.1
4.4,46.2,76.8
2.7,47.0,71.3
6.0,47.6,24.7
6.1,48.3,40.0
4.2,48.0,68.2
5.6,46.3,63.9
2.5,47.6,58.3
2.6,45.3,44.8
4.0,47.2,31.0
3.2,45.8,24.3
6.3,45.8,49.1
6.3,49.2,50.2
2.7,49.5,46.7
3.6,49.4,15.4
4.3,48.7,60.5
2.6,48.5,78.1
2.6,46.9,73.9
4.4,48.1,73.0
5.0,49.9,50.0
2.8,48.3,54.9
2.8,49.8,61.7
5.5,46.2,19.0
6.6,48.8,69.2
2.0,47.7,47.6
5.8,49.0,45.6
2.1,46.8,25.2
6.7,45.5,48.7
3.7,47.9,66.8
5.8,48.4,44.3
4.6,45.4,33.1
3.8,49.0,52.0
3.9,46.7,43.4
5.4,46.5,29.9
6.4,49.4,91.6
6.0,45.8,50.8
3.7,45.5,66.4
5.8,47.6,26.1
2.8,45.9,47.7
2.0,47.9,57.4
5.4,48.2,62.8
2.4,48.5,41.1
4.0,48.8,51.3
6.1,47.7,35.7
3.9,48.6,70.6
2.3,47.6,29.0
2.1,48.5,42.0
6.5,46.6,48.0
6.1,45.0,73.3
5.3,45.2,30.7
2.0,49.2,31.3
5.8,48.8,54.0
4.2,47.2,44.4
2.4,49.9,82.6
5.8,48.1,45.1
5.5,49.5,31.5
3.1,48.4,68.2
3.6,45.7,66.7
6.8,47.7,18.6
2.6,45.2,39.2
6.1,49.5,47.1
5.3,48.3,41.6
3.1,49.5,46.8
4.8,45.6,68.9
4.9,46.7,30.6
2.2,49.3,46.9
5.4,49.7,38.1
2.3,45.5,61.3
4.8,45.0,45.6
2.2,46.1,48.3
5.9,48.6,59.3
6.8,46.7,35.4
2.3,47.2,68.2
6.4,49.4,66.7
5.9,46.9,45.2
4.1,45.5,21.4
2.9,49.5,47.1
5.7,46.9,17.8
5.7,50.0,54.0
5.3,45.6,50.7
3.6,47.5,37.5
4.3,47.9,41.3
2.1,48.6,32.2
3.7,48.3,66.9
4.4,45.5,58.2
3.3,46.5,57.9
4.8,47.4,71.2
3.3,45.9,69.6
5.2,48.9,21.9
4.9,48.0,42.2
6.3,48.2,56.5
3.0,46.5,64.0
5.8,46.9,51.2
6.4,49.3,66.8
2.2,46.6,48.8
4.1,48.5,48.0
3.7,47.9,67.5
2.1,49.9,40.4
5.9,45.7,73.3
6.4,46.2,65.0
5.8,49.7,69.5
5.6,46.0,65.8
3.8,47.6,55.2
3.2,45.9,58.8
4.5,47.1,51.0
2.5,49.8,35.6
5.2,46.0,38.5
5.1,45.5,43.0
6.5,49.9,36.9
6.5,45.4,77.5
6.8,49.7,34.4
2.3,48.3,75.7
5.6,49.1,44.6
3.6,47.1,49.6
5.7,45.2,47.2
4.8,48.2,62.5
6.9,48.2,58.9
4.4,45.4,73.4
2.6,46.5,32.5
5.1,46.5,52.3
4.2,49.0,53.4
3.7,48.0,63.4
5.0,45.5,30.5
6.2,45.2,55.7
3.2,46.9,49.7
5.4,47.4,51.2
5.7,48.7,36.9
6.8,45.6,54.0
3.1,46.1,60.4
4.6,49.0,23.3
5.5,45.5,41.2
2.2,45.3,60.9
6.4,48.6,40.6
3.7,45.2,31.8
5.4,48.8,53.2
4.0,46.3,60.7
6.5,47.5,40.7
6.0,49.9,66.4
4.3,45.8,47.9
6.7,48.3,55.9
5.8,46.9,30.8
4.2,48.5,60.1
6.4,48.4,51.1
4.6,45.8,66.8
4.8,47.3,39.7
2.5,48.6,35.0
6.5,48.7,35.0
4.0,45.5,60.9
4.4,45.6,56.7
6.9,47.8,19.5
6.1,47.4,29.5
2.6,49.1,69.9
5.9,48.6,68.0
3.2,48.0,44.0
2.8,47.2,50.5
6.1,49.7,79.7
4.7,48.1,51.3
4.4,49.8,40.5
2.5,47.0,54.8
2.5,50.0,55.3
4.0,49.9,24.0
6.7,48.2,24.8
3.1,46.4,39.8
5.6,46.3,38.8
4.7,47.9,46.4
4.8,45.3,49.7
6.8,46.0,57.7
6.3,47.5,60.2
6.2,49.3,56.8
2.3,47.0,28.0
6.9,48.6,52.1
6.7,49.3,58.9
2.5,49.4,44.9
4.8,47.7,52.6
2.1,46.4,53.4
2.5,48.4,50.0
6.3,47.7,40.4
2.2,45.7,77.0
3.3,49.5,28.6
4.5,48.8,45.8
3.3,45.8,35.2
6.7,47.9,47.3
3.6,49.3,22.8
5.6,46.0,54.8
5.9,47.8,27.1
2.2,47.5,45.0
3.9,49.5,58.5
3.0,47.7,54.5
3.3,47.9,66.4
4.1,45.8,51.8
2.3,46.1,63.8
5.1,47.5,85.8
3.0,45.8,39.9
2.4,48.3,67.0
4.2,49.1,34.7
3.7,46.8,20.1
6.9,48.9,63.0
6.0,49.9,69.0
3.4,48.9,69.5
5.0,47.4,66.4
4.7,49.3,42.6
2.9,46.8,47.2
5.8,48.1,70.5
5.5,45.3,72.2
2.6,46.2,52.7
5.6,46.1,55.0
5.1,46.1,36.0
2.0,46.5,38.1
2.3,48.0,29.4
4.7,49.3,40.4
2.5,47.3,37.5
5.0,47.6,64.4
2.9,49.7,49.4
5.4,47.9,49.0
3.8,48.8,50.8
5.7,45.2,65.6
3.0,45.4,45.0
5.3,45.8,30.7
6.9,49.2,52.8
4.4,47.9,67.8
3.4,47.9,94.3
3.6,49.2,52.1
2.9,49.1,63.4
4.9,48.2,38.5
4.6,49.9,24.6
4.7,49.7,35.9
5.4,46.9,67.2
2.1,46.1,65.0
2.6,46.2,43.8
3.1,48.7,50.5
2.0,46.3,31.7
2.9,45.3,43.2
6.2,45.8,45.3
5.2,47.8,32.5
2.8,47.2,62.8
2.2,50.0,74.4
3.2,45.7,48.0
5.6,45.0,62.7
4.2,48.3,79.5
4.7,45.4,54.8
4.7,48.9,60.2
3.2,46.1,44.6
2.8,46.8,36.7
2.8,49.7,18.7
6.8,46.2,73.3
6.7,45.6,75.8
5.7,47.4,51.4
5.2,46.2,64.6
3.1,45.8,50.6
2.6,46.7,60.2
6.7,47.5,12.3
3.4,45.0,24.7
2.9,45.3,36.7
6.6,45.9,61.9
2.8,45.4,38.6
3.5,45.7,45.3
2.9,48.7,70.9
2.1,47.5,57.3
2.9,46.5,56.2
4.3,47.2,31.8
4.7,47.9,76.4
2.8,48.7,38.5
5.6,49.8,74.0
4.7,50.0,65.8
5.0,45.3,33.1
3.6,48.6,51.2
3.0,45.3,51.3
6.0,46.7,32.3
3.8,48.4,65.7
4.6,46.5,34.9
5.7,48.9,57.1
6.4,48.8,33.2
4.2,48.5,41.5
6.9,46.0,41.6
4.6,47.0,34.6
6.0,48.4,32.6
2.4,49.7,63.8
2.5,48.0,49.5
5.1,45.9,44.6
3.9,46.0,37.2
5.8,45.5,72.0
4.9,46.9,83.7
5.1,49.9,34.8
2.8,49.1,42.0
4.8,46.1,53.9
4.7,48.1,49.3
5.7,47.2,36.6
5.5,47.6,58.7
5.1,47.2,35.8
2.8,49.8,58.6
6.8,45.0,36.0
5.0,46.8,67.4
2.8,49.4,60.6
6.0,45.0,45.9
2.7,48.4,47.4
3.4,45.0,24.0
4.8,48.7,83.9
2.8,47.6,50.1
2.4,45.8,29.1
5.4,46.9,42.9
2.2,45.7,47.4
3.8,48.7,60.7
3.2,46.4,57.8
6.7,45.9,59.7
4.9,45.1,58.8
2.3,49.3,48.7
4.0,47.4,55.2
3.9,46.4,25.9
2.7,47.5,69.3
5.7,45.6,39.0
2.9,45.1,50.7
6.2,49.0,61.7
6.7,47.7,22.9
2.4,45.8,34.5
5.3,47.3,31.9
5.1,45.8,25.8
4.6,47.0,90.3
5.2,46.4,71.6
6.5,48.4,73.1
5.8,47.4,36.2
5.2,45.6,57.8
4.1,46.7,47.6
3.2,48.6,58.2
3.0,45.4,44.9
3.1,46.5,45.6
6.3,45.8,54.9
2.6,49.6,76.9
2.6,46.8,53.4
2.1,47.4,45.8
5.6,46.8,43.7
2.0,46.4,63.0
6.6,49.8,54.5
6.9,48.9,34.4
3.2,45.5,40.3
2.2,48.5,65.7
6.8,47.2,50.6
3.0,46.2,26.8
4.7,49.2,37.2
5.2,49.5,80.9
5.0,49.2,45.2
6.2,49.8,50.2
4.4,48.8,50.5
4.6,47.8,72.4
7.0,45.7,44.3
4.8,48.1,53.3
3.0,45.1,54.0
2.8,47.5,43.6
6.3,49.8,64.9
3.8,48.6,65.8
6.7,47.5,11.2
6.0,46.0,55.3
6.7,48.2,42.4
4.8,48.2,42.0
2.2,47.5,49.6
6.3,47.1,19.6
4.9,45.2,56.6
6.3,49.9,60.6
3.4,46.3,57.7
6.3,45.5,42.0
3.0,45.9,33.7
3.4,47.6,51.2
2.7,45.8,24.1
2.7,45.7,48.7
2.5,47.1,39.3
4.7,48.1,19.4
5.4,46.4,37.3
3.1,47.5,40.3
6.6,47.1,68.5
2.5,49.0,65.7
2.5,45.5,49.7
6.4,48.8,52.6
5.5,47.7,52.9
2.9,46.0,35.4
6.9,45.6,69.6
2.2,48.1,45.0
2.5,45.5,43.9
3.4,49.0,59.0
5.7,48.0,30.4
5.6,48.4,39.0
6.0,48.1,41.7
4.7,49.5,41.2
5.0,45.2,66.1
3.7,47.9,63.0
3.9,48.6,85.5
2.5,46.4,95.1
2.6,47.3,77.9
5.5,45.7,51.3
2.1,47.1,30.3
4.3,45.9,40.1
5.3,49.2,55.6
4.4,46.2,42.4
2.3,47.2,64.7
5.8,47.4,43.7
4.4,49.3,47.5
3.5,48.2,68.8
2.9,47.8,24.9
5.1,45.2,37.9
6.6,45.5,68.6
3.3,46.2,42.9
6.4,48.9,41.9
5.3,45.4,27.5
2.1,48.9,48.3
6.2,49.1,60.1
4.0,47.5,46.8
6.2,49.7,47.6
3.0,48.0,70.7
4.6,49.9,8.7
3.0,48.8,48.5
4.4,45.2,21.4
6.6,46.5,27.3
4.5,49.7,35.8
7.0,47.6,55.8
3.4,45.9,31.1
5.0,48.9,43.5
6.8,49.5,51.9
5.8,45.4,43.4
5.5,45.8,39.4
5.7,48.3,55.1
3.7,48.9,46.0
3.5,46.3,49.9
2.7,48.4,76.3
5.0,47.0,87.0
6.6,49.7,41.1
5.8,48.6,57.5
6.9,46.5,40.2
7.0,46.9,77.9
4.2,47.0,73.4
4.6,49.1,23.2
6.1,49.7,77.9
5.8,47.9,40.9
5.9,47.5,66.8
4.8,49.4,60.4
4.9,47.8,74.6
6.2,45.4,54.7
6.7,47.8,37.7
5.9,46.3,62.0
5.9,48.4,27.6
2.8,49.6,52.2
6.3,46.0,67.6
6.7,46.8,34.3
3.4,47.7,14.8
3.0,48.3,52.6
2.8,47.0,75.2
2.1,49.6,62.1
4.0,45.8,53.8
2.9,47.0,60.8
2.6,48.4,57.2
5.6,48.9,34.8
5.8,48.5,32.7
5.5,47.2,49.6
5.3,49.8,77.3
4.6,47.8,44.4
2.3,47.1,38.1
6.9,48.9,87.1
6.9,46.5,55.1
6.4,47.0,14.4
5.8,49.2,67.0
5.8,48.7,47.8
5.0,49.6,61.9
2.6,47.4,35.7
6.1,45.5,51.5
5.4,49.7,81.1
2.4,48.9,48.2
5.0,46.0,31.9
2.9,45.2,71.8
4.8,49.3,54.8
3.2,49.4,8.6
5.2,48.9,55.3
5.9,47.9,41.4
2.2,46.9,64.8
2.4,48.3,64.5
7.0,46.9,66.1
5.4,47.8,62.7
3.5,45.8,60.8
3.2,47.1,69.7
4.1,48.4,46.5
6.7,49.2,66.3
5.4,47.0,41.6
7.0,46.5,85.4
4.8,46.3,40.3
4.1,49.6,23.8
3.0,46.0,14.6
4.7,45.7,27.2
5.2,48.0,29.1
4.6,46.9,49.9
2.7,48.4,41.5
2.8,48.8,45.3
5.9,49.9,70.3
3.1,47.5,52.8
2.5,47.0,53.8
2.8,48.8,68.6
6.5,48.9,46.8
5.1,49.7,47.8
5.9,46.6,35.8
3.1,47.4,76.6
5.1,48.1,48.4
3.0,49.9,44.9
4.6,48.8,32.6
2.4,49.9,62.4
4.6,49.1,64.6
3.1,46.1,30.3
3.1,49.0,45.0
4.5,47.9,39.6
4.9,46.7,35.3
5.5,45.9,41.4
3.5,45.7,58.4
3.4,45.6,40.3
2.4,47.1,84.1
3.6,49.6,33.0
3.7,48.2,65.8
4.5,47.5,50.7
4.1,47.4,46.6
5.5,45.8,24.6
4.3,48.8,48.4
6.2,46.5,59.7
4.7,48.6,59.3
4.9,45.6,49.1
5.5,48.8,61.5
5.4,48.8,44.6
6.7,45.1,68.2
5.7,49.3,43.9
6.8,45.6,66.1
3.7,49.4,53.0
6.9,46.6,52.7
5.0,49.9,68.6
3.5,47.1,78.3
2.7,49.9,31.5
4.6,45.5,58.6
6.8,45.8,46.6
6.2,47.4,30.7
5.7,45.4,33.4
2.3,49.7,57.7
5.9,48.3,27.1
5.4,48.6,69.3
6.2,47.4,46.5
2.5,49.2,54.8
4.0,47.3,42.4
3.7,47.6,81.7
5.9,47.7,29.9
5.8,46.7,35.2
4.5,49.5,32.4
3.8,46.7,43.6
2.5,48.5,33.0
2.8,48.4,44.4
2.1,45.7,48.0
5.9,48.9,57.6
6.6,49.5,80.0
2.2,46.7,45.0
6.0,49.2,75.2
3.4,48.1,67.0
4.6,48.7,56.2
5.5,45.3,66.5
3.7,45.6,73.6
6.9,49.0,49.0
6.9,46.9,66.8
5.4,45.1,65.1
6.9,46.4,57.3
2.6,48.1,56.6
2.1,49.2,53.1
6.3,46.7,55.8
5.5,46.8,61.6
3.6,45.9,77.4
4.6,47.5,46.0
4.0,47.8,43.2
4.3,47.7,35.1
4.8,49.6,34.2
4.6,45.4,47.7
5.1,45.5,43.1
3.7,45.4,35.4
4.8,48.4,62.7
6.3,47.1,7.7
3.8,46.9,14.1
3.4,49.9,44.5
4.4,48.2,75.2
3.6,48.6,64.7
6.5,49.1,55.9
5.0,45.3,55.4
5.7,49.2,61.2
2.2,46.1,53.2
2.5,48.0,38.6
4.0,47.7,72.5
4.1,48.8,24.7
2.3,49.3,52.8
6.0,49.8,66.9
4.8,48.6,42.6
4.5,45.1,56.5
5.4,49.1,56.1
5.5,45.1,41.5
3.7,49.4,13.2
4.4,46.4,44.8
4.9,49.0,53.9
2.0,46.1,49.2
2.7,48.5,58.5
3.9,47.6,72.2
2.2,48.1,63.1
2.3,48.5,33.2
4.6,47.5,49.1
5.1,45.9,59.9
3.2,49.5,63.2
6.5,48.1,54.2
6.0,49.9,80.8
6.3,46.2,61.9
4.3,46.0,80.7
6.1,45.3,99.0
5.3,46.6,44.7
2.5,47.0,65.4
2.1,48.3,11.3
6.7,45.7,56.8
4.7,48.3,58.4
5.7,47.1,16.1
2.8,47.3,84.2
5.5,46.5,45.4
5.3,48.6,60.3
6.5,48.6,16.0
3.5,45.6,31.1
3.8,49.3,61.2
5.1,49.9,50.1
6.4,46.1,64.7
3.3,48.6,62.7
2.5,49.8,54.8
3.6,45.3,78.0
5.2,50.0,62.5
7.0,49.7,61.3
2.9,48.6,32.8
6.1,47.9,66.8
3.1,45.4,65.3
4.6,48.3,7.2
5.7,47.7,52.2
2.5,45.8,47.5
6.0,49.5,48.3
2.4,47.5,79.0
3.6,45.9,43.0
2.2,48.9,50.4
6.2,46.9,19.1
5.0,46.8,53.7
2.8,46.6,38.9
2.6,49.8,66.3
4.4,45.2,48.0
2.0,47.6,28.3
6.0,48.8,48.4
6.8,49.2,75.2
2.2,47.7,37.0
4.9,48.8,41.7
5.1,49.9,47.2
2.1,47.8,56.1
5.8,46.7,47.0
3.3,50.0,60.1
5.3,49.3,42.1
3.1,46.8,74.6
2.4,49.4,55.5
3.3,48.9,75.9
6.4,48.3,60.2
5.8,48.0,46.4
4.5,45.4,40.7
2.6,48.8,60.8
3.1,45.8,56.5
6.8,48.9,76.6
2.7,48.6,43.3
3.4,47.2,35.6
4.8,45.6,45.3
3.8,47.2,65.4
3.3,45.6,33.9
5.4,46.5,47.6
2.8,46.3,71.6
4.4,47.2,37.7
2.6,45.4,51.0
3.4,46.8,45.5
3.8,48.3,52.7
5.2,48.5,43.7
4.3,45.1,51.3
3.4,48.0,36.2
5.4,46.2,48.9
4.4,47.1,79.0
5.6,45.5,77.7
3.9,45.0,43.1
5.6,49.0,49.5
4.8,46.4,-1.7
3.2,45.8,3.8
4.7,47.3,57.7
2.7,49.4,39.7
2.0,47.5,5.7
5.5,45.6,58.1
2.9,46.3,54.6
5.0,46.6,54.1
4.3,45.5,40.3
4.2,49.1,33.1
3.6,47.7,77.1
4.6,49.5,56.4
6.9,48.1,37.8
5.8,45.1,41.4
4.1,49.4,25.4
6.4,45.6,67.4
4.6,48.0,63.2
6.9,46.8,48.5
6.9,48.6,41.2
2.1,45.4,32.5
2.9,49.0,49.4
6.2,49.0,49.7
3.8,46.1,67.6
3.2,45.8,33.4
4.7,48.2,54.2
5.4,48.2,80.1
3.6,46.4,62.7
6.3,47.7,27.7
4.5,49.4,34.1
3.2,47.5,43.9
5.4,45.5,38.7
4.4,49.4,49.7
2.8,45.8,53.8
2.4,47.9,39.3
5.0,49.0,76.4
2.3,49.0,41.6
6.9,46.3,76.2
3.0,47.7,85.1
6.9,47.7,18.4
3.6,47.3,80.8
6.6,49.8,40.2
5.2,46.9,56.1
2.5,46.4,35.6
3.3,48.2,66.2
4.0,48.7,42.0
4.1,45.5,47.8
4.8,47.9,44.9
5.0,45.1,42.0
3.6,45.4,35.6
2.4,48.7,74.7
5.5,49.0,41.1
4.3,45.8,66.5
5.4,48.6,27.8
4.8,45.4,48.4
2.0,49.8,66.6
6.0,45.2,62.6
5.8,45.3,50.1
4.0,46.2,63.8
5.9,46.8,54.4
2.1,47.3,37.6
4.1,46.8,65.6
4.1,45.4,33.7
3.0,48.5,15.1
3.1,46.6,78.6
2.2,48.3,25.1
5.3,48.2,53.1
6.8,48.6,45.5
6.6,47.8,31.8
3.0,47.4,74.9
4.7,45.6,60.5
6.0,47.1,44.4
3.7,46.7,44.6
2.9,45.8,75.4
2.1,45.6,75.6
5.7,46.3,25.4
3.4,49.1,71.4
2.9,47.9,15.7
6.5,48.3,52.0
6.1,45.5,72.7
6.0,46.8,20.1
2.3,49.1,36.4
6.6,48.0,13.7
4.3,45.4,39.6
3.3,47.5,82.6
5.7,47.3,46.0
2.2,47.3,43.3
2.7,48.3,18.9
4.1,47.8,74.1
6.9,48.7,62.9
2.2,45.8,15.9
2.3,49.5,61.1
2.6,49.2,55.0
3.5,45.8,30.3
3.3,45.7,31.7
2.9,48.7,25.8
5.5,47.2,35.4
5.6,46.1,50.1
4.0,48.8,63.2
4.7,46.0,36.7
4.9,46.3,33.3
6.1,49.3,72.0
4.1,48.9,39.5
6.5,49.2,39.2
6.1,47.7,53.2
4.7,47.0,74.7
3.4,47.2,67.9
5.7,46.0,66.8
5.5,48.0,67.1
2.7,48.5,40.8
6.5,47.6,44.5
3.0,45.9,40.1
2.3,49.9,61.7
2.0,47.9,68.5
5.8,47.9,44.7
2.0,47.2,57.6
3.2,48.2,66.4
6.9,49.8,60.8
2.5,49.7,65.9
4.9,45.7,50.4
2.3,47.1,40.3
4.3,49.4,35.6
5.1,46.0,41.6
4.7,48.8,56.0
5.3,48.8,72.3
2.8,45.9,37.5
5.5,45.0,55.8
2.2,47.9,41.3
3.5,45.9,44.8
6.6,48.0,57.8
2.9,50.0,37.9
2.8,48.5,48.9
4.1,47.5,81.2
4.2,47.1,31.7
3.4,47.9,69.0
2.9,46.0,52.1
3.2,47.2,74.1
5.4,49.3,45.3
2.6,47.4,35.4
2.6,46.0,70.2
2.8,48.7,21.0
6.5,46.6,43.2
6.3,49.9,54.1
6.7,45.7,66.6
6.7,49.2,34.0
2.3,47.5,33.2
6.1,47.4,20.0
3.7,45.4,49.2
6.1,48.6,23.3
6.7,45.8,31.1
5.5,45.5,69.7
6.2,46.7,54.8
4.8,48.1,55.1
4.6,46.4,14.6
6.7,46.1,25.0
4.1,49.1,27.4
2.5,48.6,24.6
3.1,45.8,49.3
5.4,47.4,44.1
4.0,47.5,61.6
5.9,48.0,36.0
4.7,49.2,15.1
2.7,49.8,27.0
5.3,49.6,56.6
6.7,46.0,74.0
4.6,49.2,57.9
6.4,48.1,39.7
6.9,45.7,62.7
3.4,48.0,59.2
4.6,46.9,56.6
2.1,45.4,37.9
4.6,48.9,45.9
3.1,45.9,36.7
4.1,48.3,56.6
2.3,48.3,24.5
5.9,50.0,63.4
4.9,46.3,31.0
5.2,45.2,41.3
4.0,46.3,48.6
2.5,48.0,73.0
3.8,49.0,79.1
5.0,48.7,62.1
4.8,46.1,52.7
5.8,49.6,68.2
3.7,49.8,52.5
6.7,47.7,37.5
5.4,47.1,65.9
4.7,47.4,78.2
2.3,49.1,42.6
4.9,45.5,60.2
6.1,48.9,65.7
3.7,48.5,79.7
6.1,49.8,87.4
6.3,45.2,71.9
5.8,50.0,52.4
4.0,48.5,53.1
2.4,47.3,75.7
4.8,49.2,25.8
4.0,47.1,49.1
3.8,47.3,66.1
2.7,47.5,57.2
5.3,47.6,29.2
4.2,49.6,34.9
3.8,45.4,61.7
6.7,45.7,80.3
3.9,48.6,28.5
2.9,49.8,38.9
2.3,49.7,33.5
6.9,49.2,62.2
3.9,49.3,28.1
6.2,49.0,52.3
2.4,45.7,33.3
4.5,48.8,62.4
4.0,47.5,46.7
3.3,47.2,45.4
5.7,46.3,35.1
5.2,49.1,30.4
2.3,45.6,26.5
3.4,49.9,20.6
3.3,48.7,51.7
6.6,48.7,35.4
3.1,45.3,34.9
4.6,49.0,64.2
6.8,49.5,75.2
7.0,47.5,17.3
4.5,47.1,76.3
3.9,47.2,53.0
4.2,47.6,65.9
3.1,48.2,80.0
7.0,48.8,64.7
3.6,47.3,16.7
2.8,48.0,45.8
2.6,46.3,55.6
6.4,46.6,45.9
3.3,45.8,44.0
3.6,45.9,27.3
3.5,47.2,76.5
5.7,46.9,28.8
6.4,46.2,45.0
3.3,48.8,52.5
2.7,46.0,40.8
5.6,49.8,60.3
4.3,49.5,23.2
2.5,49.7,44.1
4.1,47.0,42.2
2.3,48.1,42.8
6.9,46.5,53.1
6.5,49.9,55.2
6.8,46.0,65.1
6.3,48.6,61.9
2.1,48.0,41.4
2.6,49.9,47.7
5.4,46.7,33.4
2.7,47.7,55.7
4.3,47.8,47.7
3.0,49.7,50.2
2.8,49.1,24.5
2.5,47.5,30.3
6.2,48.0,44.9
6.2,48.0,55.8
4.4,48.2,74.7
5.1,46.5,44.7
3.2,45.9,31.5
6.6,47.0,37.7
4.9,45.0,46.4
5.2,45.8,28.2
4.2,45.9,48.0
5.4,47.3,51.9
5.2,45.0,30.4
6.9,46.1,72.9
5.0,45.1,52.1
2.8,49.2,49.8
5.6,49.6,47.4
3.5,46.9,50.4
3.1,48.8,36.3
4.3,45.6,45.5
4.7,49.9,52.7
2.2,46.1,42.1
4.9,47.9,47.1
5.4,49.0,41.8
6.5,47.7,18.6
4.7,48.5,53.0
2.5,45.4,70.7
4.9,45.7,37.0
6.3,46.8,47.0
5.4,46.1,41.2
6.2,49.9,74.2
2.7,47.2,48.2
4.5,45.8,49.6
4.7,45.5,68.2
6.2,49.8,67.7
3.6,45.7,32.5
5.6,46.4,51.8
5.0,48.6,42.4
3.5,49.4,44.5
4.9,46.1,51.0
6.1,49.0,55.8
4.4,49.5,45.8
2.1,48.5,36.1
3.1,47.7,65.6
4.1,47.9,61.6
5.4,46.5,50.6
6.6,49.2,56.6
3.8,49.2,44.6
3.2,47.1,50.8
2.5,48.6,12.5
5.7,50.0,70.2
5.5,48.3,64.7
5.2,46.9,68.5
6.0,46.9,39.9
4.2,48.6,60.4
2.6,45.5,52.5
3.7,48.8,72.3
2.9,47.5,40.7
6.7,47.6,51.1
6.5,45.8,72.4
5.1,46.3,35.5
6.7,46.2,47.0
6.8,49.1,19.6
6.5,48.4,25.8
3.5,45.3,35.3
2.2,47.4,40.8
4.6,47.1,51.0
5.2,45.8,54.1
4.3,49.5,50.6
6.9,47.0,23.0
5.5,48.1,47.2
5.0,47.1,52.0
5.9,45.0,56.2
4.7,49.4,51.7
6.4,47.5,44.8
4.3,47.8,67.2
2.5,49.3,54.8
3.0,49.2,65.8
4.2,45.9,62.2
4.2,48.6,44.9
6.6,45.8,74.7
4.2,49.3,46.0
2.4,49.2,61.0
4.4,46.8,57.4
5.6,48.8,52.3
3.1,46.4,57.1
6.4,49.2,38.5
2.0,48.2,41.2
5.5,45.2,47.3
3.2,46.9,78.1
5.6,49.5,98.0
5.0,47.4,36.6
6.5,48.1,47.9
2.4,48.6,27.5
4.4,47.8,20.2
5.0,47.0,68.8
6.3,49.3,32.2
2.1,49.3,55.8
6.0,47.4,25.6
4.4,47.0,46.8
6.5,46.1,49.3
2.5,48.4,67.1
3.1,49.8,26.7
4.5,46.3,27.3
5.4,47.5,45.1
2.6,47.0,49.5
5.0,48.3,44.3
4.2,45.9,53.2
3.7,47.8,108.7
5.6,49.5,37.9
4.8,45.4,32.9
2.5,46.6,47.8
3.9,45.4,67.5
2.2,47.7,92.8
3.9,49.4,41.2
6.6,47.8,63.2
5.1,49.2,27.9
5.6,45.8,48.1
3.5,45.2,26.0
5.4,49.0,70.2
6.8,45.9,60.6
5.7,49.0,66.9
6.3,48.6,18.8
2.7,49.9,68.7
4.5,45.3,62.7
3.0,47.7,60.5
4.9,48.6,40.9
5.1,46.0,33.9
2.3,47.5,68.9
6.9,45.7,37.7
5.8,46.0,66.3
5.3,45.3,56.2
3.6,45.6,42.0
3.8,46.8,47.5
2.3,46.2,80.3
2.6,47.8,34.9
3.9,46.6,61.6
5.9,46.4,37.1
5.7,46.8,49.0
3.0,46.1,44.9
3.4,45.5,34.0
2.3,49.0,37.3
5.6,45.2,57.5
6.6,48.3,51.5
4.2,49.1,35.7
3.3,47.5,44.3
3.2,47.6,43.7
5.9,46.5,51.6
5.3,45.5,38.9
6.9,45.4,64.8
6.8,45.5,55.6
2.4,46.2,75.6
2.9,46.8,64.3
2.7,47.2,64.1
4.5,45.8,61.0
4.0,47.5,54.8
5.9,46.1,58.0
3.0,48.7,52.4
2.5,46.4,35.2
5.2,45.7,48.0
2.9,49.1,50.1
6.0,48.7,58.6
3.3,46.1,62.8
3.9,49.0,69.3
3.7,46.3,54.2
6.7,48.1,62.1
3.3,48.7,43.3
4.1,49.4,52.6
4.0,45.0,40.1
6.3,49.9,36.0
6.1,45.8,103.3
6.3,48.6,55.3
5.1,49.1,50.4
3.3,47.2,56.4
3.0,47.7,59.8
2.6,46.2,76.5
4.9,46.7,60.4
3.9,45.3,58.3
2.3,45.7,48.0
5.6,48.0,79.6
4.3,45.9,32.1
2.3,48.3,92.3
4.2,46.3,57.5
6.7,47.3,30.6
2.9,45.9,38.4
5.2,47.5,58.9
4.1,45.5,62.3
3.6,45.8,50.8
2.8,48.4,47.6
3.9,47.7,77.4
2.1,49.3,44.3
3.9,49.7,66.8
4.8,45.8,33.8
3.7,46.8,68.0
2.8,48.8,56.2
4.2,45.5,57.0
3.8,47.2,94.5
6.9,45.8,37.2
4.8,47.8,49.0
4.3,48.4,47.1
6.8,50.0,61.1
5.9,48.7,53.1
3.8,47.8,46.2
4.3,45.6,29.7
4.6,45.6,54.8
3.0,46.4,57.3
2.7,45.0,25.4
2.8,47.8,61.6
3.8,48.2,68.3
2.5,47.1,56.3
3.0,47.7,52.3
2.5,47.1,49.7
2.1,45.4,36.5
4.0,49.4,46.7
4.2,48.8,56.6
5.7,47.0,4.4
4.8,48.1,35.7
6.3,46.1,70.7
5.4,47.7,60.9
6.1,49.4,43.2
4.8,45.0,42.5
4.6,46.8,47.1
6.8,45.3,70.4
4.1,45.8,44.1
4.6,45.6,38.5
5.5,48.2,63.3
4.4,46.4,44.7
4.1,45.6,38.6
5.3,46.0,39.0
2.2,47.8,69.6
6.3,47.2,25.1
6.9,46.8,42.4
5.1,49.1,68.0
4.3,45.5,34.6
4.3,45.8,56.3
4.8,48.7,44.1
5.6,49.7,50.6
3.5,49.3,29.3
3.6,48.6,34.1
2.7,45.6,50.4
5.6,50.0,75.3
3.9,47.6,16.2
6.2,49.8,90.5
4.4,46.2,48.3
2.6,45.9,52.1
7.0,49.2,58.5
6.1,46.7,49.1
3.3,46.9,36.8
2.4,45.7,38.3
2.2,49.2,35.8
5.9,47.9,34.6
2.5,46.5,48.6
3.3,47.9,72.5
2.5,46.5,68.4
6.8,48.8,60.2
3.7,45.7,38.8
3.2,46.8,61.2
5.6,49.7,59.8
5.2,48.9,39.5
3.7,49.4,39.0
4.8,46.6,53.8
5.1,48.2,50.1
4.1,45.3,19.2
6.0,48.2,40.2
5.7,46.1,94.9
6.3,45.9,56.7
2.5,46.7,52.7
4.9,48.2,44.0
5.6,45.4,68.6
2.1,47.0,33.0
5.0,46.3,28.1
3.8,48.5,64.5
6.4,49.4,58.1
6.1,46.9,42.3
3.3,47.1,46.2
6.0,49.5,77.0
2.7,45.2,56.6
5.9,48.6,50.0
5.4,49.8,72.4
6.1,47.5,70.0
4.6,45.4,78.0
5.9,47.2,25.4
5.7,47.7,45.2
2.3,46.0,51.2
4.6,47.9,56.3
4.8,45.7,47.6
6.5,46.1,72.6
4.8,49.6,38.0
6.5,45.1,65.8
3.2,48.9,65.4
4.2,47.9,59.5
4.6,45.7,29.7
3.7,50.0,35.5
3.7,46.4,94.7
2.8,46.0,79.2
2.9,46.2,28.5
6.3,47.4,37.3
5.7,48.4,44.1
4.2,46.9,78.4
5.9,47.9,42.2
2.7,48.8,56.0
3.0,46.7,44.4
4.9,49.5,54.7
2.5,49.8,52.6
5.3,49.1,69.4
3.6,46.1,47.6
6.5,47.4,49.7
5.1,46.3,27.6
4.2,49.0,35.6
4.7,45.9,53.8
3.1,46.4,70.7
2.2,46.4,60.8
2.3,49.7,51.8
4.0,49.3,63.7
6.2,47.3,48.2
5.5,49.8,61.2
5.2,46.6,89.8
6.8,48.3,37.7
6.5,45.6,83.1
4.1,45.6,26.2
5.7,46.4,20.2
4.5,49.5,47.5
5.5,47.5,40.5
4.2,46.2,86.1
4.9,46.8,57.6
2.8,45.6,28.4
5.7,47.1,29.7
2.2,47.0,67.7
2.3,48.4,77.7
4.8,49.0,63.2
5.2,48.5,36.4
3.5,45.7,68.3
6.5,46.6,27.7
4.5,46.6,29.0
2.6,50.0,49.0
6.5,49.0,47.7
4.9,46.3,49.0
5.4,45.6,31.3
3.8,47.1,38.0
6.3,46.0,64.8
5.1,48.5,43.5
5.1,50.0,23.3
3.7,45.7,60.5
6.6,45.0,78.1
6.8,49.3,67.7
5.3,49.4,87.1
2.1,48.8,79.0
6.0,48.5,55.2
4.5,46.6,60.0
6.9,45.8,41.6
3.3,47.2,63.6
2.4,45.9,47.1
6.2,47.7,20.7
4.5,46.8,29.9
3.8,47.9,68.6
4.2,49.9,29.9
6.7,46.1,44.9
2.2,48.1,17.5
